season,yr,mnth,holiday,weekday,workingday,weathersit,temp,hum,windspeed,cnt,days_since_2011
SPRING,2011,JAN,NO HOLIDAY,SAT,NO WORKING DAY,MISTY,8.175849,80.58330000000001,10.749882,985,0
SPRING,2011,JAN,NO HOLIDAY,SUN,NO WORKING DAY,MISTY,9.083466000000001,69.6087,16.652113,801,1
SPRING,2011,JAN,NO HOLIDAY,MON,WORKING DAY,GOOD,1.229108,43.7273,16.636703,1349,2
SPRING,2011,JAN,NO HOLIDAY,TUE,WORKING DAY,GOOD,1.4000000000000004,59.0435,10.739832,1562,3
SPRING,2011,JAN,NO HOLIDAY,WED,WORKING DAY,GOOD,2.6669789999999995,43.695699999999995,12.522300000000001,1600,4
SPRING,2011,JAN,NO HOLIDAY,THU,WORKING DAY,GOOD,1.6043559999999992,51.8261,6.0008684,1606,5
SPRING,2011,JAN,NO HOLIDAY,FRI,WORKING DAY,MISTY,1.2365340000000007,49.8696,11.304642,1510,6
SPRING,2011,JAN,NO HOLIDAY,SAT,NO WORKING DAY,MISTY,-0.24499999999999922,53.5833,17.875868,959,7
SPRING,2011,JAN,NO HOLIDAY,SUN,NO WORKING DAY,GOOD,-1.4983489999999993,43.416700000000006,24.25065,822,8
SPRING,2011,JAN,NO HOLIDAY,MON,WORKING DAY,GOOD,-0.9108490000000007,48.2917,14.958889,1321,9
SPRING,2011,JAN,NO HOLIDAY,TUE,WORKING DAY,MISTY,-0.0527230000000003,68.6364,8.182844000000001,1263,10
SPRING,2011,JAN,NO HOLIDAY,WED,WORKING DAY,GOOD,0.11816899999999997,59.954499999999996,20.410009,1162,11
SPRING,2011,JAN,NO HOLIDAY,THU,WORKING DAY,GOOD,-0.24499999999999922,47.0417,20.166999999999998,1406,12
SPRING,2011,JAN,NO HOLIDAY,FRI,WORKING DAY,GOOD,-0.43910999999999945,53.7826,8.478716,1421,13
SPRING,2011,JAN,NO HOLIDAY,SAT,NO WORKING DAY,MISTY,2.9666510000000006,49.875,10.583521,1248,14
SPRING,2011,JAN,NO HOLIDAY,SUN,NO WORKING DAY,GOOD,2.888349,48.375,12.625010999999999,1204,15
SPRING,2011,JAN,HOLIDAY,MON,NO WORKING DAY,MISTY,0.264151,53.75,12.999139,1000,16
SPRING,2011,JAN,NO HOLIDAY,TUE,WORKING DAY,MISTY,2.1833489999999998,86.16669999999999,9.833924999999999,683,17
SPRING,2011,JAN,NO HOLIDAY,WED,WORKING DAY,MISTY,5.732177999999999,74.1739,13.957239,1650,18
SPRING,2011,JAN,NO HOLIDAY,THU,WORKING DAY,MISTY,4.298349,53.833299999999994,13.125568,1927,19
SPRING,2011,JAN,NO HOLIDAY,FRI,WORKING DAY,GOOD,0.34249999999999936,45.7083,23.667214,1543,20
SPRING,2011,JAN,NO HOLIDAY,SAT,NO WORKING DAY,GOOD,-5.2208711999999995,40,11.52199,981,21
SPRING,2011,JAN,NO HOLIDAY,SUN,NO WORKING DAY,GOOD,-3.4634801,43.6522,16.5222,986,22
SPRING,2011,JAN,NO HOLIDAY,MON,WORKING DAY,GOOD,-3.4226089,49.173899999999996,10.60811,1416,23
SPRING,2011,JAN,NO HOLIDAY,TUE,WORKING DAY,MISTY,2.5034660000000013,61.695699999999995,8.696332,1985,24
SPRING,2011,JAN,NO HOLIDAY,WED,WORKING DAY,RAIN/SNOW/STORM,2.2225,86.25,19.68795,506,25
SPRING,2011,JAN,NO HOLIDAY,THU,WORKING DAY,GOOD,1.165000000000001,68.75,7.627078999999999,431,26
SPRING,2011,JAN,NO HOLIDAY,FRI,WORKING DAY,MISTY,1.563466,79.30430000000001,8.2611,1167,27
SPRING,2011,JAN,NO HOLIDAY,SAT,NO WORKING DAY,GOOD,1.2365340000000007,65.17389999999999,9.739455,1098,28
SPRING,2011,JAN,NO HOLIDAY,SUN,NO WORKING DAY,GOOD,2.176534,72.2174,4.956834199999999,1096,29
SPRING,2011,JAN,NO HOLIDAY,MON,WORKING DAY,MISTY,0.49915099999999946,60.375,12.541864,1501,30
SPRING,2011,FEB,NO HOLIDAY,TUE,WORKING DAY,MISTY,1.032178,82.9565,3.565271,1360,31
SPRING,2011,FEB,NO HOLIDAY,WED,WORKING DAY,MISTY,4.220000000000001,77.5417,17.708636,1526,32
SPRING,2011,FEB,NO HOLIDAY,THU,WORKING DAY,GOOD,0.7869790000000005,43.7826,18.609384,1550,33
SPRING,2011,FEB,NO HOLIDAY,FRI,WORKING DAY,MISTY,1.9312880000000003,58.521699999999996,8.565213,1708,34
SPRING,2011,FEB,NO HOLIDAY,SAT,NO WORKING DAY,MISTY,2.9666510000000006,92.91669999999999,10.792293,1005,35
SPRING,2011,FEB,NO HOLIDAY,SUN,NO WORKING DAY,GOOD,5.434151,56.833299999999994,9.5006,1623,36
SPRING,2011,FEB,NO HOLIDAY,MON,WORKING DAY,GOOD,4.768348999999999,73.83330000000001,3.0423561,1712,37
SPRING,2011,FEB,NO HOLIDAY,TUE,WORKING DAY,GOOD,2.3791510000000002,53.7917,24.25065,1530,38
SPRING,2011,FEB,NO HOLIDAY,WED,WORKING DAY,MISTY,-1.6651990000000003,49.4783,12.652213,1605,39
SPRING,2011,FEB,NO HOLIDAY,THU,WORKING DAY,GOOD,-1.2156440000000002,43.7391,14.869645,1538,40
SPRING,2011,FEB,NO HOLIDAY,FRI,WORKING DAY,GOOD,0.887277000000001,50.6364,7.272849999999999,1746,41
SPRING,2011,FEB,NO HOLIDAY,SAT,NO WORKING DAY,GOOD,2.4574999999999996,54.4167,13.625589,1472,42
SPRING,2011,FEB,NO HOLIDAY,SUN,NO WORKING DAY,GOOD,6.876534000000001,45.7391,17.479160999999998,1589,43
SPRING,2011,FEB,NO HOLIDAY,MON,WORKING DAY,GOOD,11.504999999999999,37.583299999999994,27.999836,1913,44
SPRING,2011,FEB,NO HOLIDAY,TUE,WORKING DAY,GOOD,4.506089000000001,31.434800000000003,19.522058,1815,45
SPRING,2011,FEB,NO HOLIDAY,WED,WORKING DAY,GOOD,6.958267000000001,42.3478,16.869996999999998,2115,46
SPRING,2011,FEB,NO HOLIDAY,THU,WORKING DAY,GOOD,12.484151,50.5,15.416968,2475,47
SPRING,2011,FEB,NO HOLIDAY,FRI,WORKING DAY,GOOD,16.518349,51.6667,17.749975000000003,2927,48
SPRING,2011,FEB,NO HOLIDAY,SAT,NO WORKING DAY,GOOD,10.760849,18.7917,34.000021,1635,49
SPRING,2011,FEB,NO HOLIDAY,SUN,NO WORKING DAY,GOOD,5.405199,40.7826,14.956745,1812,50
SPRING,2011,FEB,HOLIDAY,MON,NO WORKING DAY,MISTY,6.2566510000000015,60.5,20.625682,1107,51
SPRING,2011,FEB,NO HOLIDAY,TUE,WORKING DAY,GOOD,0.5644340000000003,57.7778,13.110761,1450,52
SPRING,2011,FEB,NO HOLIDAY,WED,WORKING DAY,GOOD,2.4217329999999997,42.3043,6.3055710000000005,1917,53
SPRING,2011,FEB,NO HOLIDAY,THU,WORKING DAY,MISTY,5.895644000000001,69.7391,16.783231999999998,1807,54
SPRING,2011,FEB,NO HOLIDAY,FRI,WORKING DAY,MISTY,9.124355999999999,71.2174,23.218113,1461,55
SPRING,2011,FEB,NO HOLIDAY,SAT,NO WORKING DAY,GOOD,5.277499999999998,53.7917,12.500257,1969,56
SPRING,2011,FEB,NO HOLIDAY,SUN,NO WORKING DAY,GOOD,8.143466,68,8.391615999999999,2402,57
SPRING,2011,FEB,NO HOLIDAY,MON,WORKING DAY,MISTY,11.141831,87.63640000000001,19.408962,1446,58
SPRING,2011,MAR,NO HOLIDAY,TUE,WORKING DAY,GOOD,4.533348999999999,53.5,14.500475,1851,59
SPRING,2011,MAR,NO HOLIDAY,WED,WORKING DAY,GOOD,7.745000000000001,44.9583,20.624811,2134,60
SPRING,2011,MAR,NO HOLIDAY,THU,WORKING DAY,GOOD,1.321651000000001,31.833299999999998,15.125518000000001,1685,61
SPRING,2011,MAR,NO HOLIDAY,FRI,WORKING DAY,MISTY,4.298349,61.0417,13.624182,1944,62
SPRING,2011,MAR,NO HOLIDAY,SAT,NO WORKING DAY,MISTY,10.055848999999998,78.91669999999999,16.875357,2077,63
SPRING,2011,MAR,NO HOLIDAY,SUN,NO WORKING DAY,MISTY,9.696534,94.8261,23.000229,605,64
SPRING,2011,MAR,NO HOLIDAY,MON,WORKING DAY,GOOD,4.3017330000000005,55.1304,22.870584,1872,65
SPRING,2011,MAR,NO HOLIDAY,TUE,WORKING DAY,GOOD,5.747499999999999,42.0833,8.083549999999999,2133,66
SPRING,2011,MAR,NO HOLIDAY,WED,WORKING DAY,MISTY,5.904151000000001,77.5417,14.750050000000002,1891,67
SPRING,2011,MAR,NO HOLIDAY,THU,WORKING DAY,RAIN/SNOW/STORM,10.287277,0,17.545759,623,68
SPRING,2011,MAR,NO HOLIDAY,FRI,WORKING DAY,MISTY,6.876534000000001,64.95649999999999,15.60899,1977,69
SPRING,2011,MAR,NO HOLIDAY,SAT,NO WORKING DAY,GOOD,7.470848999999999,59.458299999999994,14.791924999999999,2132,70
SPRING,2011,MAR,NO HOLIDAY,SUN,NO WORKING DAY,GOOD,10.064356,52.73910000000001,18.130468,2417,71
SPRING,2011,MAR,NO HOLIDAY,MON,WORKING DAY,GOOD,7.285198999999999,49.695699999999995,9.174042,2046,72
SPRING,2011,MAR,NO HOLIDAY,TUE,WORKING DAY,MISTY,6.917376999999998,65.5652,12.348703,2056,73
SPRING,2011,MAR,NO HOLIDAY,WED,WORKING DAY,MISTY,9.165199000000001,77.65220000000001,13.608839,2192,74
SPRING,2011,MAR,NO HOLIDAY,THU,WORKING DAY,GOOD,11.504999999999999,60.291700000000006,14.041792999999998,2744,75
SPRING,2011,MAR,NO HOLIDAY,FRI,WORKING DAY,GOOD,17.380000000000003,52.5217,15.478139,3239,76
SPRING,2011,MAR,NO HOLIDAY,SAT,NO WORKING DAY,GOOD,14.2075,37.9167,24.667189,3117,77
SPRING,2011,MAR,NO HOLIDAY,SUN,NO WORKING DAY,GOOD,7.627500000000001,47.375,13.917307,2471,78
SUMMER,2011,MAR,NO HOLIDAY,MON,WORKING DAY,MISTY,12.230445,73.73910000000001,19.348461,2077,79
SUMMER,2011,MAR,NO HOLIDAY,TUE,WORKING DAY,GOOD,12.758348999999999,62.4583,15.125250000000001,2703,80
SUMMER,2011,MAR,NO HOLIDAY,WED,WORKING DAY,MISTY,8.306979000000002,83.9565,15.695487,2121,81
SUMMER,2011,MAR,NO HOLIDAY,THU,WORKING DAY,MISTY,5.395,80.58330000000001,16.333729,1865,82
SUMMER,2011,MAR,NO HOLIDAY,FRI,WORKING DAY,GOOD,4.415849,49.5,15.458575000000002,2210,83
SUMMER,2011,MAR,NO HOLIDAY,SAT,NO WORKING DAY,GOOD,4.494150999999999,39.4167,14.041257,2496,84
SUMMER,2011,MAR,NO HOLIDAY,SUN,NO WORKING DAY,MISTY,3.893021000000001,49.3913,12.348099999999999,1693,85
SUMMER,2011,MAR,NO HOLIDAY,MON,WORKING DAY,GOOD,4.424356000000001,30.2174,14.217668,2028,86
SUMMER,2011,MAR,NO HOLIDAY,TUE,WORKING DAY,GOOD,6.217499999999999,31.4167,15.208732,2425,87
SUMMER,2011,MAR,NO HOLIDAY,WED,WORKING DAY,MISTY,6.1,64.6667,11.583495999999998,1536,88
SUMMER,2011,MAR,NO HOLIDAY,THU,WORKING DAY,RAIN/SNOW/STORM,4.611651,91.8333,14.582282000000001,1685,89
SUMMER,2011,APR,NO HOLIDAY,FRI,WORKING DAY,MISTY,6.1,68.625,17.333436,2227,90
SUMMER,2011,APR,NO HOLIDAY,SAT,NO WORKING DAY,MISTY,6.805,65.375,13.208782,2252,91
SUMMER,2011,APR,NO HOLIDAY,SUN,NO WORKING DAY,GOOD,9.781651,48,12.208271000000002,3249,92
SUMMER,2011,APR,NO HOLIDAY,MON,WORKING DAY,GOOD,18.946651,42.625,25.833257,3115,93
SUMMER,2011,APR,NO HOLIDAY,TUE,WORKING DAY,MISTY,11.465848999999999,64.2083,26.000488999999998,1795,94
SUMMER,2011,APR,NO HOLIDAY,WED,WORKING DAY,GOOD,10.369150999999999,47.0833,17.625221,2808,95
SUMMER,2011,APR,NO HOLIDAY,THU,WORKING DAY,GOOD,12.5625,60.291700000000006,10.874904,3141,96
SUMMER,2011,APR,NO HOLIDAY,FRI,WORKING DAY,MISTY,7.784151,83.625,15.208464,1471,97
SUMMER,2011,APR,NO HOLIDAY,SAT,NO WORKING DAY,MISTY,8.0975,87.75,8.916561,2455,98
SUMMER,2011,APR,NO HOLIDAY,SUN,NO WORKING DAY,MISTY,12.053349,85.75,9.833389,2895,99
SUMMER,2011,APR,NO HOLIDAY,MON,WORKING DAY,MISTY,19.995644,71.6956,21.739758,3348,100
SUMMER,2011,APR,NO HOLIDAY,TUE,WORKING DAY,MISTY,15.617499999999996,73.9167,18.416892999999998,2034,101
SUMMER,2011,APR,NO HOLIDAY,WED,WORKING DAY,MISTY,11.3875,81.91669999999999,16.791338999999997,2162,102
SUMMER,2011,APR,NO HOLIDAY,THU,WORKING DAY,GOOD,13.9725,54.041700000000006,7.4169,3267,103
SUMMER,2011,APR,HOLIDAY,FRI,NO WORKING DAY,GOOD,12.993348999999998,67.125,15.167124999999999,3126,104
SUMMER,2011,APR,NO HOLIDAY,SAT,NO WORKING DAY,RAIN/SNOW/STORM,12.249151000000001,88.83330000000001,22.834136,795,105
SUMMER,2011,APR,NO HOLIDAY,SUN,NO WORKING DAY,GOOD,13.463349000000001,47.9583,20.334232,3744,106
SUMMER,2011,APR,NO HOLIDAY,MON,WORKING DAY,GOOD,16.0875,54.25,10.958988999999999,3429,107
SUMMER,2011,APR,NO HOLIDAY,TUE,WORKING DAY,MISTY,15.774151,66.5833,10.584057,3204,108
SUMMER,2011,APR,NO HOLIDAY,WED,WORKING DAY,GOOD,19.965,61.4167,16.208975,3944,109
SUMMER,2011,APR,NO HOLIDAY,THU,WORKING DAY,GOOD,13.580849,40.708299999999994,21.792286,4189,110
SUMMER,2011,APR,NO HOLIDAY,FRI,WORKING DAY,MISTY,7.823349,72.9583,14.707906999999999,1683,111
SUMMER,2011,APR,NO HOLIDAY,SAT,NO WORKING DAY,MISTY,13.620000000000001,88.79169999999999,15.458575000000002,4036,112
SUMMER,2011,APR,NO HOLIDAY,SUN,NO WORKING DAY,MISTY,19.338349,81.08330000000001,12.875725000000001,4191,113
SUMMER,2011,APR,NO HOLIDAY,MON,WORKING DAY,GOOD,20.513348999999998,77.6667,12.417311,4073,114
SUMMER,2011,APR,NO HOLIDAY,TUE,WORKING DAY,GOOD,21.688349,72.9167,21.875500000000002,4400,115
SUMMER,2011,APR,NO HOLIDAY,WED,WORKING DAY,MISTY,21.14,83.54169999999999,20.917399999999997,3872,116
SUMMER,2011,APR,NO HOLIDAY,THU,WORKING DAY,MISTY,21.0225,70.08330000000001,21.500836000000003,4058,117
SUMMER,2011,APR,NO HOLIDAY,FRI,WORKING DAY,GOOD,15.969999999999999,45.7083,16.084221,4595,118
SUMMER,2011,APR,NO HOLIDAY,SAT,NO WORKING DAY,GOOD,14.2075,50.3333,15.750025,5312,119
SUMMER,2011,MAY,NO HOLIDAY,SUN,NO WORKING DAY,MISTY,13.228348999999998,76.2083,7.125718,3351,120
SUMMER,2011,MAY,NO HOLIDAY,MON,WORKING DAY,MISTY,17.810848999999997,73,12.291418,4401,121
SUMMER,2011,MAY,NO HOLIDAY,TUE,WORKING DAY,MISTY,20.983348999999997,69.7083,22.958689,4451,122
SUMMER,2011,MAY,NO HOLIDAY,WED,WORKING DAY,MISTY,11.465848999999999,73.70830000000001,22.042732,2633,123
SUMMER,2011,MAY,NO HOLIDAY,THU,WORKING DAY,GOOD,13.580849,44.4167,19.791263999999998,4433,124
SUMMER,2011,MAY,NO HOLIDAY,FRI,WORKING DAY,GOOD,14.520849000000002,59,15.292482,4608,125
SUMMER,2011,MAY,NO HOLIDAY,SAT,NO WORKING DAY,GOOD,16.44,54.125,10.750150000000001,4714,126
SUMMER,2011,MAY,NO HOLIDAY,SUN,NO WORKING DAY,GOOD,16.831651,63.1667,5.0007125,4333,127
SUMMER,2011,MAY,NO HOLIDAY,MON,WORKING DAY,GOOD,17.0275,58.875,11.792,4362,128
SUMMER,2011,MAY,NO HOLIDAY,TUE,WORKING DAY,GOOD,17.0275,48.9167,7.749956999999999,4803,129
SUMMER,2011,MAY,NO HOLIDAY,WED,WORKING DAY,GOOD,17.4975,63.29169999999999,8.083014,4182,130
SUMMER,2011,MAY,NO HOLIDAY,THU,WORKING DAY,GOOD,17.145000000000003,74.75,12.707689,4864,131
SUMMER,2011,MAY,NO HOLIDAY,FRI,WORKING DAY,MISTY,16.0875,86.33330000000001,12.041575,4105,132
SUMMER,2011,MAY,NO HOLIDAY,SAT,NO WORKING DAY,MISTY,16.479150999999998,92.25,9.041649999999999,3409,133
SUMMER,2011,MAY,NO HOLIDAY,SUN,NO WORKING DAY,MISTY,18.4375,86.70830000000001,10.249593,4553,134
SUMMER,2011,MAY,NO HOLIDAY,MON,WORKING DAY,GOOD,19.142500000000002,78.79169999999999,8.500357000000001,3958,135
SUMMER,2011,MAY,NO HOLIDAY,TUE,WORKING DAY,MISTY,18.398349,83.7917,18.582718,4123,136
SUMMER,2011,MAY,NO HOLIDAY,WED,WORKING DAY,MISTY,17.85,87,13.499964,3855,137
SUMMER,2011,MAY,NO HOLIDAY,THU,WORKING DAY,MISTY,16.949151,82.9583,7.250271000000001,4575,138
SUMMER,2011,MAY,NO HOLIDAY,FRI,WORKING DAY,GOOD,17.223349,71.9583,8.375871,4917,139
SUMMER,2011,MAY,NO HOLIDAY,SAT,NO WORKING DAY,GOOD,20.317500000000003,62.6667,8.083549999999999,5805,140
SUMMER,2011,MAY,NO HOLIDAY,SUN,NO WORKING DAY,GOOD,20.395849000000002,74.9583,9.916536,4660,141
SUMMER,2011,MAY,NO HOLIDAY,MON,WORKING DAY,MISTY,21.688349,81,15.667413999999999,4274,142
SUMMER,2011,MAY,NO HOLIDAY,TUE,WORKING DAY,MISTY,23.020000000000003,74.0833,13.875164,4492,143
SUMMER,2011,MAY,NO HOLIDAY,WED,WORKING DAY,GOOD,23.059151,69.625,10.333611000000001,4978,144
SUMMER,2011,MAY,NO HOLIDAY,THU,WORKING DAY,GOOD,25.291651,67.75,13.376014,4677,145
SUMMER,2011,MAY,NO HOLIDAY,FRI,WORKING DAY,GOOD,24.038349000000004,65.375,16.125493,4679,146
SUMMER,2011,MAY,NO HOLIDAY,SAT,NO WORKING DAY,GOOD,22.824151,72.9583,15.416164,4758,147
SUMMER,2011,MAY,NO HOLIDAY,SUN,NO WORKING DAY,GOOD,23.3725,81.875,14.333846,4788,148
SUMMER,2011,MAY,HOLIDAY,MON,NO WORKING DAY,GOOD,26.466651,68.5,8.792075,4098,149
SUMMER,2011,MAY,NO HOLIDAY,TUE,WORKING DAY,GOOD,28.425000000000004,63.6667,7.459042999999999,3982,150
SUMMER,2011,JUN,NO HOLIDAY,WED,WORKING DAY,MISTY,27.915849,67.7083,13.875164,3974,151
SUMMER,2011,JUN,NO HOLIDAY,THU,WORKING DAY,GOOD,25.604999999999997,30.5,19.583229000000003,4968,152
SUMMER,2011,JUN,NO HOLIDAY,FRI,WORKING DAY,GOOD,21.14,35.4167,16.959107,5312,153
SUMMER,2011,JUN,NO HOLIDAY,SAT,NO WORKING DAY,GOOD,21.845,45.625,8.250514,5342,154
SUMMER,2011,JUN,NO HOLIDAY,SUN,NO WORKING DAY,MISTY,22.471651,65.25,9.292364000000001,4906,155
SUMMER,2011,JUN,NO HOLIDAY,MON,WORKING DAY,GOOD,23.881650999999998,60,8.167032,4548,156
SUMMER,2011,JUN,NO HOLIDAY,TUE,WORKING DAY,GOOD,25.252499999999998,59.791700000000006,12.583136,4833,157
SUMMER,2011,JUN,NO HOLIDAY,WED,WORKING DAY,GOOD,28.464151,62.20830000000001,9.166739,4401,158
SUMMER,2011,JUN,NO HOLIDAY,THU,WORKING DAY,MISTY,29.991650999999997,56.833299999999994,10.042161,3915,159
SUMMER,2011,JUN,NO HOLIDAY,FRI,WORKING DAY,GOOD,27.485,60.5,9.417118,4586,160
SUMMER,2011,JUN,NO HOLIDAY,SAT,NO WORKING DAY,GOOD,26.074999999999996,65.45830000000001,10.374949999999998,4966,161
SUMMER,2011,JUN,NO HOLIDAY,SUN,NO WORKING DAY,GOOD,24.5475,74.7917,10.958988999999999,4460,162
SUMMER,2011,JUN,NO HOLIDAY,MON,WORKING DAY,GOOD,21.845,49.4583,20.45845,5020,163
SUMMER,2011,JUN,NO HOLIDAY,TUE,WORKING DAY,GOOD,20.395849000000002,50.708299999999994,18.041961,4891,164
SUMMER,2011,JUN,NO HOLIDAY,WED,WORKING DAY,GOOD,21.453349,47.1667,11.250104,5180,165
SUMMER,2011,JUN,NO HOLIDAY,THU,WORKING DAY,MISTY,21.531651,68.8333,13.833556999999999,3767,166
SUMMER,2011,JUN,NO HOLIDAY,FRI,WORKING DAY,GOOD,22.510849000000004,73.5833,9.582942999999998,4844,167
SUMMER,2011,JUN,NO HOLIDAY,SAT,NO WORKING DAY,GOOD,24.743349000000002,67.0417,8.000336,5119,168
SUMMER,2011,JUN,NO HOLIDAY,SUN,NO WORKING DAY,MISTY,24.860849,66.6667,6.834,4744,169
SUMMER,2011,JUN,NO HOLIDAY,MON,WORKING DAY,MISTY,21.845,74.625,10.416825,4010,170
FALL,2011,JUN,NO HOLIDAY,TUE,WORKING DAY,MISTY,23.999151,77.0417,11.458675000000001,4835,171
FALL,2011,JUN,NO HOLIDAY,WED,WORKING DAY,GOOD,26.466651,70.75,11.541554,4507,172
FALL,2011,JUN,NO HOLIDAY,THU,WORKING DAY,MISTY,26.231651,70.3333,15.999868,4790,173
FALL,2011,JUN,NO HOLIDAY,FRI,WORKING DAY,GOOD,26.035849,57.3333,14.875675,4991,174
FALL,2011,JUN,NO HOLIDAY,SAT,NO WORKING DAY,GOOD,24.665,48.3333,14.041257,5202,175
FALL,2011,JUN,NO HOLIDAY,SUN,NO WORKING DAY,GOOD,23.96,51.3333,6.3337311,5305,176
FALL,2011,JUN,NO HOLIDAY,MON,WORKING DAY,MISTY,24.0775,65.8333,7.2083960000000005,4708,177
FALL,2011,JUN,NO HOLIDAY,TUE,WORKING DAY,GOOD,26.975849000000004,63.416700000000006,9.666960999999999,4648,178
FALL,2011,JUN,NO HOLIDAY,WED,WORKING DAY,GOOD,26.231651,49.7917,17.542007,5225,179
FALL,2011,JUN,NO HOLIDAY,THU,WORKING DAY,GOOD,24.743349000000002,43.416700000000006,12.415904000000001,5515,180
FALL,2011,JUL,NO HOLIDAY,FRI,WORKING DAY,GOOD,25.957500000000003,39.625,6.874736,5362,181
FALL,2011,JUL,NO HOLIDAY,SAT,NO WORKING DAY,GOOD,26.701651,44.4583,7.709154,5119,182
FALL,2011,JUL,NO HOLIDAY,SUN,NO WORKING DAY,MISTY,25.683349,68.25,15.333486,4649,183
FALL,2011,JUL,HOLIDAY,MON,NO WORKING DAY,MISTY,26.153349,63.7917,5.4591064000000005,6043,184
FALL,2011,JUL,NO HOLIDAY,TUE,WORKING DAY,GOOD,27.093348999999996,59.0417,8.459286,4665,185
FALL,2011,JUL,NO HOLIDAY,WED,WORKING DAY,GOOD,25.839999999999996,74.33330000000001,10.042161,4629,186
FALL,2011,JUL,NO HOLIDAY,THU,WORKING DAY,GOOD,27.25,65.125,10.666400000000001,4592,187
FALL,2011,JUL,NO HOLIDAY,FRI,WORKING DAY,MISTY,25.330849,75.79169999999999,15.083643,4040,188
FALL,2011,JUL,NO HOLIDAY,SAT,NO WORKING DAY,GOOD,26.466651,60.9167,11.250104,5336,189
FALL,2011,JUL,NO HOLIDAY,SUN,NO WORKING DAY,GOOD,27.1325,57.8333,12.292557,4881,190
FALL,2011,JUL,NO HOLIDAY,MON,WORKING DAY,GOOD,27.8375,63.5833,18.916579,4086,191
FALL,2011,JUL,NO HOLIDAY,TUE,WORKING DAY,GOOD,29.325848999999998,55.9167,13.417017999999999,4258,192
FALL,2011,JUL,NO HOLIDAY,WED,WORKING DAY,GOOD,27.093348999999996,63.1667,9.790911000000001,4342,193
FALL,2011,JUL,NO HOLIDAY,THU,WORKING DAY,GOOD,23.999151,47.625,16.124689,5084,194
FALL,2011,JUL,NO HOLIDAY,FRI,WORKING DAY,GOOD,23.176650999999996,59.12500000000001,12.249811,5538,195
FALL,2011,JUL,NO HOLIDAY,SAT,NO WORKING DAY,GOOD,24.273349000000003,58.5,13.958914,5923,196
FALL,2011,JUL,NO HOLIDAY,SUN,NO WORKING DAY,GOOD,25.800849,60.4167,16.417211000000002,5302,197
FALL,2011,JUL,NO HOLIDAY,MON,WORKING DAY,GOOD,27.093348999999996,65.125,14.458867999999999,4458,198
FALL,2011,JUL,NO HOLIDAY,TUE,WORKING DAY,GOOD,28.503349,65.0417,8.7502,4541,199
FALL,2011,JUL,NO HOLIDAY,WED,WORKING DAY,GOOD,28.111651000000002,70.70830000000001,7.625739,4332,200
FALL,2011,JUL,NO HOLIDAY,THU,WORKING DAY,MISTY,30.305,69.125,14.875407,3784,201
FALL,2011,JUL,NO HOLIDAY,FRI,WORKING DAY,GOOD,31.871651,58.0417,8.9177,3387,202
FALL,2011,JUL,NO HOLIDAY,SAT,NO WORKING DAY,GOOD,31.910849,50,8.791807,3285,203
FALL,2011,JUL,NO HOLIDAY,SUN,NO WORKING DAY,GOOD,31.009999999999998,55.0833,11.334456999999999,3606,204
FALL,2011,JUL,NO HOLIDAY,MON,WORKING DAY,GOOD,26.936650999999998,75.7083,6.0841560999999995,3840,205
FALL,2011,JUL,NO HOLIDAY,TUE,WORKING DAY,GOOD,28.268349,54.0833,13.417285999999999,4590,206
FALL,2011,JUL,NO HOLIDAY,WED,WORKING DAY,GOOD,28.425000000000004,40.291700000000006,12.292020999999998,4656,207
FALL,2011,JUL,NO HOLIDAY,THU,WORKING DAY,GOOD,28.620849,58.3333,11.958093,4390,208
FALL,2011,JUL,NO HOLIDAY,FRI,WORKING DAY,GOOD,31.401651,54.25,11.667245999999999,3846,209
FALL,2011,JUL,NO HOLIDAY,SAT,NO WORKING DAY,GOOD,29.795848999999997,46.5833,11.291979,4475,210
FALL,2011,JUL,NO HOLIDAY,SUN,NO WORKING DAY,GOOD,29.874150999999998,48.0833,11.042470999999999,4302,211
FALL,2011,AUG,NO HOLIDAY,MON,WORKING DAY,GOOD,28.268349,55.0833,10.500039,4266,212
FALL,2011,AUG,NO HOLIDAY,TUE,WORKING DAY,GOOD,28.816651,49.125,13.79195,4845,213
FALL,2011,AUG,NO HOLIDAY,WED,WORKING DAY,MISTY,26.388348999999998,65.75,9.084061,3574,214
FALL,2011,AUG,NO HOLIDAY,THU,WORKING DAY,MISTY,25.369999999999997,75.75,13.20905,4576,215
FALL,2011,AUG,NO HOLIDAY,FRI,WORKING DAY,GOOD,25.409151,63.083299999999994,12.374632,4866,216
FALL,2011,AUG,NO HOLIDAY,SAT,NO WORKING DAY,MISTY,25.683349,75.5,15.29275,4294,217
FALL,2011,AUG,NO HOLIDAY,SUN,NO WORKING DAY,GOOD,26.8975,75.29169999999999,13.499629,3785,218
FALL,2011,AUG,NO HOLIDAY,MON,WORKING DAY,GOOD,27.955,59.2083,12.875725000000001,4326,219
FALL,2011,AUG,NO HOLIDAY,TUE,WORKING DAY,GOOD,28.425000000000004,57.04169999999999,10.125107,4602,220
FALL,2011,AUG,NO HOLIDAY,WED,WORKING DAY,GOOD,28.033349,42.4167,13.417285999999999,4780,221
FALL,2011,AUG,NO HOLIDAY,THU,WORKING DAY,GOOD,25.722500000000004,42.375,11.041332,4792,222
FALL,2011,AUG,NO HOLIDAY,FRI,WORKING DAY,GOOD,25.291651,41.5,8.416607,4905,223
FALL,2011,AUG,NO HOLIDAY,SAT,NO WORKING DAY,MISTY,24.234151000000004,72.9583,14.167418,4150,224
FALL,2011,AUG,NO HOLIDAY,SUN,NO WORKING DAY,MISTY,23.803349,81.75,14.916411,3820,225
FALL,2011,AUG,NO HOLIDAY,MON,WORKING DAY,GOOD,23.294151,71.20830000000001,13.999918,4338,226
FALL,2011,AUG,NO HOLIDAY,TUE,WORKING DAY,GOOD,24.939151000000003,57.8333,15.834043000000001,4725,227
FALL,2011,AUG,NO HOLIDAY,WED,WORKING DAY,GOOD,25.996651,57.5417,9.625689,4694,228
FALL,2011,AUG,NO HOLIDAY,THU,WORKING DAY,GOOD,25.448349,65.45830000000001,15.624936,3805,229
FALL,2011,AUG,NO HOLIDAY,FRI,WORKING DAY,MISTY,24.195,72.2917,9.333635999999998,4153,230
FALL,2011,AUG,NO HOLIDAY,SAT,NO WORKING DAY,GOOD,24.7825,67.41669999999999,6.999289,5191,231
FALL,2011,AUG,NO HOLIDAY,SUN,NO WORKING DAY,GOOD,25.409151,77,16.666518,3873,232
FALL,2011,AUG,NO HOLIDAY,MON,WORKING DAY,GOOD,24.508349000000003,47,18.54225,4758,233
FALL,2011,AUG,NO HOLIDAY,TUE,WORKING DAY,GOOD,22.119151,45.5417,9.833121,5895,234
FALL,2011,AUG,NO HOLIDAY,WED,WORKING DAY,GOOD,23.646651,60.5,16.958236,5130,235
FALL,2011,AUG,NO HOLIDAY,THU,WORKING DAY,MISTY,24.155848999999996,77.1667,14.125810999999999,3542,236
FALL,2011,AUG,NO HOLIDAY,FRI,WORKING DAY,GOOD,24.9,76.125,5.625487499999999,4661,237
FALL,2011,AUG,NO HOLIDAY,SAT,NO WORKING DAY,MISTY,23.96,85,25.166338999999997,1115,238
FALL,2011,AUG,NO HOLIDAY,SUN,NO WORKING DAY,GOOD,25.231772999999997,56.1765,20.412153,4334,239
FALL,2011,AUG,NO HOLIDAY,MON,WORKING DAY,GOOD,21.923348999999998,55.45830000000001,10.708275,4634,240
FALL,2011,AUG,NO HOLIDAY,TUE,WORKING DAY,GOOD,22.040849,54.833299999999994,8.375536,5204,241
FALL,2011,AUG,NO HOLIDAY,WED,WORKING DAY,GOOD,22.863349,59.791700000000006,5.5833311,5058,242
FALL,2011,SEP,NO HOLIDAY,THU,WORKING DAY,GOOD,22.785,63.916700000000006,9.500332,5115,243
FALL,2011,SEP,NO HOLIDAY,FRI,WORKING DAY,MISTY,22.236651000000002,72.70830000000001,9.375243,4727,244
FALL,2011,SEP,NO HOLIDAY,SAT,NO WORKING DAY,GOOD,23.450848999999998,71.6667,12.416775,4484,245
FALL,2011,SEP,NO HOLIDAY,SUN,NO WORKING DAY,GOOD,25.330849,74.20830000000001,13.833289,4940,246
FALL,2011,SEP,HOLIDAY,MON,NO WORKING DAY,MISTY,23.646651,79.0417,14.250632,3351,247
FALL,2011,SEP,NO HOLIDAY,TUE,WORKING DAY,RAIN/SNOW/STORM,17.380000000000003,88.6957,23.044181,2710,248
FALL,2011,SEP,NO HOLIDAY,WED,WORKING DAY,RAIN/SNOW/STORM,20.160849,91.7083,6.500393600000001,1996,249
FALL,2011,SEP,NO HOLIDAY,THU,WORKING DAY,RAIN/SNOW/STORM,21.793910999999998,93.9565,12.914116,1842,250
FALL,2011,SEP,NO HOLIDAY,FRI,WORKING DAY,MISTY,22.55,89.79169999999999,8.333393000000001,3544,251
FALL,2011,SEP,NO HOLIDAY,SAT,NO WORKING DAY,GOOD,23.020000000000003,75.375,10.291736,5345,252
FALL,2011,SEP,NO HOLIDAY,SUN,NO WORKING DAY,GOOD,22.706651,71.375,7.708618,5046,253
FALL,2011,SEP,NO HOLIDAY,MON,WORKING DAY,GOOD,22.284356000000002,69.2174,5.957171000000001,4713,254
FALL,2011,SEP,NO HOLIDAY,TUE,WORKING DAY,GOOD,22.589151,71.25,9.500868,4763,255
FALL,2011,SEP,NO HOLIDAY,WED,WORKING DAY,GOOD,23.646651,69.7083,11.2091,4785,256
FALL,2011,SEP,NO HOLIDAY,THU,WORKING DAY,MISTY,19.142500000000002,70.9167,18.166782,3659,257
FALL,2011,SEP,NO HOLIDAY,FRI,WORKING DAY,MISTY,14.050849,59.0417,11.000261,4760,258
FALL,2011,SEP,NO HOLIDAY,SAT,NO WORKING DAY,MISTY,15.108349,71.8333,12.708225,4511,259
FALL,2011,SEP,NO HOLIDAY,SUN,NO WORKING DAY,GOOD,15.8525,69.5,11.958361,4274,260
FALL,2011,SEP,NO HOLIDAY,MON,WORKING DAY,MISTY,17.810848999999997,69,10.166713999999999,4539,261
FALL,2011,SEP,NO HOLIDAY,TUE,WORKING DAY,MISTY,18.398349,88.125,9.041917999999999,3641,262
FALL,2011,SEP,NO HOLIDAY,WED,WORKING DAY,MISTY,19.965,90,6.4590814,4352,263
FALL,2011,SEP,NO HOLIDAY,THU,WORKING DAY,MISTY,21.531651,90.2083,8.584375,4795,264
WINTER,2011,SEP,NO HOLIDAY,FRI,WORKING DAY,MISTY,20.630849,97.25,5.2505689,2395,265
WINTER,2011,SEP,NO HOLIDAY,SAT,NO WORKING DAY,MISTY,20.513348999999998,86.25,5.2516811,5423,266
WINTER,2011,SEP,NO HOLIDAY,SUN,NO WORKING DAY,MISTY,21.805849000000002,84.5,3.3754064,5010,267
WINTER,2011,SEP,NO HOLIDAY,MON,WORKING DAY,MISTY,22.510849000000004,84.8333,7.4169,4630,268
WINTER,2011,SEP,NO HOLIDAY,TUE,WORKING DAY,MISTY,21.923348999999998,88.5417,7.917457,4120,269
WINTER,2011,SEP,NO HOLIDAY,WED,WORKING DAY,MISTY,21.845,84.875,9.958143000000002,3907,270
WINTER,2011,SEP,NO HOLIDAY,THU,WORKING DAY,GOOD,20.983348999999997,69.91669999999999,11.583161,4839,271
WINTER,2011,SEP,NO HOLIDAY,FRI,WORKING DAY,GOOD,18.515849,64.75,13.833825,5202,272
WINTER,2011,OKT,NO HOLIDAY,SAT,NO WORKING DAY,MISTY,11.27,75.375,19.583832,2429,273
WINTER,2011,OKT,NO HOLIDAY,SUN,NO WORKING DAY,MISTY,8.763349000000002,79.1667,14.874870999999999,2918,274
WINTER,2011,OKT,NO HOLIDAY,MON,WORKING DAY,MISTY,10.055848999999998,76.0833,5.5841686,3570,275
WINTER,2011,OKT,NO HOLIDAY,TUE,WORKING DAY,GOOD,14.755849000000001,71,13.792218,4456,276
WINTER,2011,OKT,NO HOLIDAY,WED,WORKING DAY,GOOD,17.301650999999996,64.79169999999999,11.87575,4826,277
WINTER,2011,OKT,NO HOLIDAY,THU,WORKING DAY,GOOD,15.225849,62.083299999999994,9.041917999999999,4765,278
WINTER,2011,OKT,NO HOLIDAY,FRI,WORKING DAY,GOOD,16.009151,68.41669999999999,1.5002439,4985,279
WINTER,2011,OKT,NO HOLIDAY,SAT,NO WORKING DAY,GOOD,16.518349,70.125,3.0420814,5409,280
WINTER,2011,OKT,NO HOLIDAY,SUN,NO WORKING DAY,GOOD,17.419151,72.75,4.251150000000001,5511,281
WINTER,2011,OKT,HOLIDAY,MON,NO WORKING DAY,GOOD,18.829151000000003,73.375,2.8343814,5117,282
WINTER,2011,OKT,NO HOLIDAY,TUE,WORKING DAY,MISTY,18.633349000000003,80.875,9.583814,4563,283
WINTER,2011,OKT,NO HOLIDAY,WED,WORKING DAY,RAIN/SNOW/STORM,17.536651,90.625,16.62605,2416,284
WINTER,2011,OKT,NO HOLIDAY,THU,WORKING DAY,MISTY,19.690849,89.6667,9.499729,2913,285
WINTER,2011,OKT,NO HOLIDAY,FRI,WORKING DAY,MISTY,17.889151000000002,71.625,15.000161,3644,286
WINTER,2011,OKT,NO HOLIDAY,SAT,NO WORKING DAY,GOOD,15.813348999999999,48.3333,17.291561,5217,287
WINTER,2011,OKT,NO HOLIDAY,SUN,NO WORKING DAY,GOOD,16.048348999999998,48.6667,18.875039,5041,288
WINTER,2011,OKT,NO HOLIDAY,MON,WORKING DAY,GOOD,17.105849,57.958299999999994,11.750393,4570,289
WINTER,2011,OKT,NO HOLIDAY,TUE,WORKING DAY,MISTY,17.0275,70.1667,7.375829,4748,290
WINTER,2011,OKT,NO HOLIDAY,WED,WORKING DAY,RAIN/SNOW/STORM,17.461733,89.52170000000001,16.303713,2424,291
WINTER,2011,OKT,NO HOLIDAY,THU,WORKING DAY,GOOD,14.364151,63.625,28.292425,4195,292
WINTER,2011,OKT,NO HOLIDAY,FRI,WORKING DAY,GOOD,12.092500000000001,57.4167,14.833532,4304,293
WINTER,2011,OKT,NO HOLIDAY,SAT,NO WORKING DAY,GOOD,11.857499999999998,62.916700000000006,6.2086689,4308,294
WINTER,2011,OKT,NO HOLIDAY,SUN,NO WORKING DAY,GOOD,11.818349000000001,74.125,6.6673375,4381,295
WINTER,2011,OKT,NO HOLIDAY,MON,WORKING DAY,GOOD,13.776651000000001,77.2083,7.959064,4187,296
WINTER,2011,OKT,NO HOLIDAY,TUE,WORKING DAY,GOOD,14.168349,62.291700000000006,11.166086,4687,297
WINTER,2011,OKT,NO HOLIDAY,WED,WORKING DAY,MISTY,14.755849000000001,72.04169999999999,9.959014,3894,298
WINTER,2011,OKT,NO HOLIDAY,THU,WORKING DAY,MISTY,14.09,81.2917,13.250121,2659,299
WINTER,2011,OKT,NO HOLIDAY,FRI,WORKING DAY,MISTY,7.549151,58.58330000000001,15.375093,3747,300
WINTER,2011,OKT,NO HOLIDAY,SAT,NO WORKING DAY,RAIN/SNOW/STORM,3.945848999999999,88.25,23.541857,627,301
WINTER,2011,OKT,NO HOLIDAY,SUN,NO WORKING DAY,GOOD,7.000848999999999,62.375,11.833339,3331,302
WINTER,2011,OKT,NO HOLIDAY,MON,WORKING DAY,GOOD,7.98,70.3333,7.12545,3669,303
WINTER,2011,NOV,NO HOLIDAY,TUE,WORKING DAY,GOOD,10.839151000000001,68.375,9.083257,4068,304
WINTER,2011,NOV,NO HOLIDAY,WED,WORKING DAY,GOOD,9.7425,71.875,5.5001439,4186,305
WINTER,2011,NOV,NO HOLIDAY,THU,WORKING DAY,GOOD,11.191651,70.20830000000001,9.166739,3974,306
WINTER,2011,NOV,NO HOLIDAY,FRI,WORKING DAY,MISTY,10.956651,62.25000000000001,18.209193,4046,307
WINTER,2011,NOV,NO HOLIDAY,SAT,NO WORKING DAY,GOOD,7.353349,51.916700000000006,12.667154,3926,308
WINTER,2011,NOV,NO HOLIDAY,SUN,NO WORKING DAY,GOOD,8.371651,73.4583,6.1676314,3649,309
WINTER,2011,NOV,NO HOLIDAY,MON,WORKING DAY,GOOD,10.565000000000001,75.875,3.834075,4035,310
WINTER,2011,NOV,NO HOLIDAY,TUE,WORKING DAY,GOOD,11.191651,72.16669999999999,4.6255125,4205,311
WINTER,2011,NOV,NO HOLIDAY,WED,WORKING DAY,GOOD,10.8,75.83330000000001,4.1671186,4109,312
WINTER,2011,NOV,NO HOLIDAY,THU,WORKING DAY,MISTY,9.86,81.3333,12.667489000000002,2933,313
WINTER,2011,NOV,HOLIDAY,FRI,NO WORKING DAY,GOOD,7.235849,44.625,21.083225,3368,314
WINTER,2011,NOV,NO HOLIDAY,SAT,NO WORKING DAY,GOOD,8.763349000000002,55.2917,14.208154,4067,315
WINTER,2011,NOV,NO HOLIDAY,SUN,NO WORKING DAY,GOOD,12.719151,45.8333,18.875307,3717,316
WINTER,2011,NOV,NO HOLIDAY,MON,WORKING DAY,GOOD,16.91,58.7083,20.541932,4486,317
WINTER,2011,NOV,NO HOLIDAY,TUE,WORKING DAY,MISTY,16.91,68.875,13.375411,4195,318
WINTER,2011,NOV,NO HOLIDAY,WED,WORKING DAY,RAIN/SNOW/STORM,13.463349000000001,93,9.167543,1817,319
WINTER,2011,NOV,NO HOLIDAY,THU,WORKING DAY,MISTY,8.058349,57.5833,20.459254,3053,320
WINTER,2011,NOV,NO HOLIDAY,FRI,WORKING DAY,GOOD,4.885849,41,11.291711,3392,321
WINTER,2011,NOV,NO HOLIDAY,SAT,NO WORKING DAY,GOOD,7.470848999999999,50.208299999999994,15.041232,3663,322
WINTER,2011,NOV,NO HOLIDAY,SUN,NO WORKING DAY,MISTY,13.776651000000001,68.45830000000001,12.45865,3520,323
WINTER,2011,NOV,NO HOLIDAY,MON,WORKING DAY,RAIN/SNOW/STORM,13.032499999999999,91,9.249618,2765,324
WINTER,2011,NOV,NO HOLIDAY,TUE,WORKING DAY,RAIN/SNOW/STORM,11.583349000000002,96.25,7.959064,1607,325
WINTER,2011,NOV,NO HOLIDAY,WED,WORKING DAY,MISTY,12.719151,75.79169999999999,22.500275,2566,326
WINTER,2011,NOV,HOLIDAY,THU,NO WORKING DAY,GOOD,9.546651,54.9167,11.209368000000001,1495,327
WINTER,2011,NOV,NO HOLIDAY,FRI,WORKING DAY,GOOD,9.625,64.375,6.6260186,2792,328
WINTER,2011,NOV,NO HOLIDAY,SAT,NO WORKING DAY,GOOD,9.664151,68.1667,4.5841936,3068,329
WINTER,2011,NOV,NO HOLIDAY,SUN,NO WORKING DAY,GOOD,13.580849,69.8333,13.999918,3071,330
WINTER,2011,NOV,NO HOLIDAY,MON,WORKING DAY,GOOD,15.663466,74.3043,9.522174,3867,331
WINTER,2011,NOV,NO HOLIDAY,TUE,WORKING DAY,MISTY,13.541650999999998,83.08330000000001,17.292164,2914,332
WINTER,2011,NOV,NO HOLIDAY,WED,WORKING DAY,GOOD,7.275,61.3333,18.167586,3613,333
WINTER,2011,DEZ,NO HOLIDAY,THU,WORKING DAY,GOOD,6.6875,52.4583,14.750586,3727,334
WINTER,2011,DEZ,NO HOLIDAY,FRI,WORKING DAY,GOOD,6.765848999999999,62.583299999999994,6.750518,3940,335
WINTER,2011,DEZ,NO HOLIDAY,SAT,NO WORKING DAY,GOOD,6.060849000000001,61.291700000000006,6.4174811,3614,336
WINTER,2011,DEZ,NO HOLIDAY,SUN,NO WORKING DAY,GOOD,7.549151,77.5833,5.6252061,3485,337
WINTER,2011,DEZ,NO HOLIDAY,MON,WORKING DAY,MISTY,10.134151,82.70830000000001,4.1679561000000005,3811,338
WINTER,2011,DEZ,NO HOLIDAY,TUE,WORKING DAY,RAIN/SNOW/STORM,13.7375,94.9583,15.583061,2594,339
WINTER,2011,DEZ,NO HOLIDAY,WED,WORKING DAY,RAIN/SNOW/STORM,11.27,97.04169999999999,17.833725,705,340
WINTER,2011,DEZ,NO HOLIDAY,THU,WORKING DAY,GOOD,4.494150999999999,57.99999999999999,16.083886,3322,341
WINTER,2011,DEZ,NO HOLIDAY,FRI,WORKING DAY,GOOD,5.669151000000001,69.58330000000001,5.5420189,3620,342
WINTER,2011,DEZ,NO HOLIDAY,SAT,NO WORKING DAY,GOOD,4.925000000000001,50.74999999999999,15.625807,3190,343
WINTER,2011,DEZ,NO HOLIDAY,SUN,NO WORKING DAY,GOOD,2.3791510000000002,49,4.458293899999999,2743,344
WINTER,2011,DEZ,NO HOLIDAY,MON,WORKING DAY,GOOD,3.201651,67.08330000000001,4.251150000000001,3310,345
WINTER,2011,DEZ,NO HOLIDAY,TUE,WORKING DAY,GOOD,5.277499999999998,59,9.41685,3523,346
WINTER,2011,DEZ,NO HOLIDAY,WED,WORKING DAY,MISTY,6.922499999999999,66.375,4.0842061,3740,347
WINTER,2011,DEZ,NO HOLIDAY,THU,WORKING DAY,MISTY,11.857499999999998,63.416700000000006,17.958814,3709,348
WINTER,2011,DEZ,NO HOLIDAY,FRI,WORKING DAY,MISTY,9.625,50.0417,17.458525,3577,349
WINTER,2011,DEZ,NO HOLIDAY,SAT,NO WORKING DAY,MISTY,4.1416509999999995,56.0833,16.292189,2739,350
WINTER,2011,DEZ,NO HOLIDAY,SUN,NO WORKING DAY,GOOD,3.201651,58.62500000000001,11.375193000000001,2431,351
WINTER,2011,DEZ,NO HOLIDAY,MON,WORKING DAY,GOOD,5.003349,63.74999999999999,11.584031999999999,3403,352
WINTER,2011,DEZ,NO HOLIDAY,TUE,WORKING DAY,MISTY,10.134151,59.5417,4.1252436,3750,353
SPRING,2011,DEZ,NO HOLIDAY,WED,WORKING DAY,MISTY,12.131651000000002,85.83330000000001,14.8338,2660,354
SPRING,2011,DEZ,NO HOLIDAY,THU,WORKING DAY,MISTY,11.896651000000002,75.75,3.1674249999999997,3068,355
SPRING,2011,DEZ,NO HOLIDAY,FRI,WORKING DAY,GOOD,9.546651,68.625,18.374482,2209,356
SPRING,2011,DEZ,NO HOLIDAY,SAT,NO WORKING DAY,GOOD,6.217499999999999,54.25,12.750368,1011,357
SPRING,2011,DEZ,NO HOLIDAY,SUN,NO WORKING DAY,GOOD,4.914801000000001,68.13040000000001,10.391097,754,358
SPRING,2011,DEZ,HOLIDAY,MON,NO WORKING DAY,GOOD,7.121732999999999,50.6957,16.044155,1317,359
SPRING,2011,DEZ,NO HOLIDAY,TUE,WORKING DAY,MISTY,7.275,76.25,12.62615,1162,360
SPRING,2011,DEZ,NO HOLIDAY,WED,WORKING DAY,GOOD,6.05911,50.39130000000001,19.695386999999997,2302,361
SPRING,2011,DEZ,NO HOLIDAY,THU,WORKING DAY,GOOD,3.6716510000000007,57.4167,8.000604000000001,2423,362
SPRING,2011,DEZ,NO HOLIDAY,FRI,WORKING DAY,GOOD,6.648349000000001,63.6667,9.000579,2999,363
SPRING,2011,DEZ,NO HOLIDAY,SAT,NO WORKING DAY,GOOD,11.27,61.583299999999994,14.750318,2485,364
SPRING,2012,JAN,NO HOLIDAY,SUN,NO WORKING DAY,GOOD,9.39,69.25,12.875189,2294,365
SPRING,2012,JAN,HOLIDAY,MON,NO WORKING DAY,GOOD,4.833020999999999,38.130399999999995,22.087555,1951,366
SPRING,2012,JAN,NO HOLIDAY,TUE,WORKING DAY,GOOD,-0.9500000000000002,44.125,24.499957000000002,2236,367
SPRING,2012,JAN,NO HOLIDAY,WED,WORKING DAY,MISTY,-2.9475,41.4583,12.3749,2368,368
SPRING,2012,JAN,NO HOLIDAY,THU,WORKING DAY,GOOD,4.494150999999999,52.416700000000006,8.709128999999999,3272,369
SPRING,2012,JAN,NO HOLIDAY,FRI,WORKING DAY,GOOD,7.705848999999999,54.2083,11.249836,4098,370
SPRING,2012,JAN,NO HOLIDAY,SAT,NO WORKING DAY,GOOD,10.486650999999998,53.1667,11.708786,4521,371
SPRING,2012,JAN,NO HOLIDAY,SUN,NO WORKING DAY,GOOD,7.862500000000001,46.5,12.833314,3425,372
SPRING,2012,JAN,NO HOLIDAY,MON,WORKING DAY,MISTY,2.5358490000000007,70.1667,6.6263000000000005,2376,373
SPRING,2012,JAN,NO HOLIDAY,TUE,WORKING DAY,GOOD,6.508712000000001,64.65220000000001,12.565984,3598,374
SPRING,2012,JAN,NO HOLIDAY,WED,WORKING DAY,MISTY,4.885849,84.75,8.791807,2177,375
SPRING,2012,JAN,NO HOLIDAY,THU,WORKING DAY,MISTY,9.9775,80.2917,12.124789,4097,376
SPRING,2012,JAN,NO HOLIDAY,FRI,WORKING DAY,GOOD,4.885849,50.74999999999999,25.333236,3214,377
SPRING,2012,JAN,NO HOLIDAY,SAT,NO WORKING DAY,GOOD,0.4599999999999991,45.75,12.541260999999999,2493,378
SPRING,2012,JAN,NO HOLIDAY,SUN,NO WORKING DAY,GOOD,-0.16665099999999988,41.9167,16.834286,2311,379
SPRING,2012,JAN,HOLIDAY,MON,NO WORKING DAY,GOOD,0.9299999999999997,52.25,15.500986000000001,2298,380
SPRING,2012,JAN,NO HOLIDAY,TUE,WORKING DAY,MISTY,9.533021000000002,71.6087,23.39171,2935,381
SPRING,2012,JAN,NO HOLIDAY,WED,WORKING DAY,GOOD,6.2566510000000015,44.333299999999994,27.833743,3376,382
SPRING,2012,JAN,NO HOLIDAY,THU,WORKING DAY,GOOD,0.9299999999999997,49.75,14.750586,3292,383
SPRING,2012,JAN,NO HOLIDAY,FRI,WORKING DAY,MISTY,2.2225,45,13.58425,3163,384
SPRING,2012,JAN,NO HOLIDAY,SAT,NO WORKING DAY,MISTY,0.14665099999999853,83.125,14.917014,1301,385
SPRING,2012,JAN,NO HOLIDAY,SUN,NO WORKING DAY,MISTY,-0.3624999999999998,79.625,13.375746000000001,1977,386
SPRING,2012,JAN,NO HOLIDAY,MON,WORKING DAY,MISTY,2.2616510000000005,91.125,7.417436,2432,387
SPRING,2012,JAN,NO HOLIDAY,TUE,WORKING DAY,GOOD,8.0975,83.58330000000001,8.292389,4339,388
SPRING,2012,JAN,NO HOLIDAY,WED,WORKING DAY,GOOD,5.825849,64.375,10.791756999999999,4270,389
SPRING,2012,JAN,NO HOLIDAY,THU,WORKING DAY,MISTY,8.058349,76.95830000000001,4.9175186,4075,390
SPRING,2012,JAN,NO HOLIDAY,FRI,WORKING DAY,MISTY,11.974999999999998,74.125,22.958689,3456,391
SPRING,2012,JAN,NO HOLIDAY,SAT,NO WORKING DAY,GOOD,6.844150999999998,54.333299999999994,14.125542999999999,4023,392
SPRING,2012,JAN,NO HOLIDAY,SUN,NO WORKING DAY,GOOD,5.277499999999998,31.125000000000004,16.08335,3243,393
SPRING,2012,JAN,NO HOLIDAY,MON,WORKING DAY,GOOD,4.650848999999999,40.0833,14.458064,3624,394
SPRING,2012,JAN,NO HOLIDAY,TUE,WORKING DAY,GOOD,10.330000000000002,41.6667,17.541739,4509,395
SPRING,2012,FEB,NO HOLIDAY,WED,WORKING DAY,GOOD,14.050849,50.79169999999999,12.667489000000002,4579,396
SPRING,2012,FEB,NO HOLIDAY,THU,WORKING DAY,MISTY,10.760849,67.29169999999999,12.541528999999999,3761,397
SPRING,2012,FEB,NO HOLIDAY,FRI,WORKING DAY,GOOD,6.726650999999999,52.6667,11.959232,4151,398
SPRING,2012,FEB,NO HOLIDAY,SAT,NO WORKING DAY,MISTY,4.415849,77.95830000000001,8.167032,2832,399
SPRING,2012,FEB,NO HOLIDAY,SUN,NO WORKING DAY,MISTY,4.494150999999999,68.7917,11.791732000000001,2947,400
SPRING,2012,FEB,NO HOLIDAY,MON,WORKING DAY,GOOD,5.282622999999999,62.2174,10.304599999999999,3784,401
SPRING,2012,FEB,NO HOLIDAY,TUE,WORKING DAY,GOOD,8.645849000000002,49.625,9.874393000000001,4375,402
SPRING,2012,FEB,NO HOLIDAY,WED,WORKING DAY,MISTY,4.063348999999999,72.2917,8.959307,2802,403
SPRING,2012,FEB,NO HOLIDAY,THU,WORKING DAY,GOOD,4.455,56.2083,13.000478999999999,3830,404
SPRING,2012,FEB,NO HOLIDAY,FRI,WORKING DAY,MISTY,5.1991510000000005,54,7.834243000000001,3831,405
SPRING,2012,FEB,NO HOLIDAY,SAT,NO WORKING DAY,RAIN/SNOW/STORM,2.5358490000000007,73.125,19.416332,2169,406
SPRING,2012,FEB,NO HOLIDAY,SUN,NO WORKING DAY,GOOD,-2.0075000000000003,46.4583,27.417204,1529,407
SPRING,2012,FEB,NO HOLIDAY,MON,WORKING DAY,GOOD,2.4574999999999996,41.125,11.207961,3422,408
SPRING,2012,FEB,NO HOLIDAY,TUE,WORKING DAY,MISTY,7.000848999999999,50.875,9.458993,3922,409
SPRING,2012,FEB,NO HOLIDAY,WED,WORKING DAY,GOOD,8.371651,53.125,12.167200000000001,4169,410
SPRING,2012,FEB,NO HOLIDAY,THU,WORKING DAY,MISTY,6.883348999999999,75.29169999999999,6.125475000000001,3005,411
SPRING,2012,FEB,NO HOLIDAY,FRI,WORKING DAY,GOOD,8.136651,63.4583,13.791682,4154,412
SPRING,2012,FEB,NO HOLIDAY,SAT,NO WORKING DAY,GOOD,8.293349,53.4583,12.792243,4318,413
SPRING,2012,FEB,NO HOLIDAY,SUN,NO WORKING DAY,MISTY,5.160000000000002,51.5833,16.958504,2689,414
SPRING,2012,FEB,HOLIDAY,MON,NO WORKING DAY,GOOD,5.160000000000002,50.7826,15.348561,3129,415
SPRING,2012,FEB,NO HOLIDAY,TUE,WORKING DAY,GOOD,5.5278220000000005,59.434799999999996,13.783039,3777,416
SPRING,2012,FEB,NO HOLIDAY,WED,WORKING DAY,GOOD,10.604150999999998,56.7917,15.709557,4773,417
SPRING,2012,FEB,NO HOLIDAY,THU,WORKING DAY,GOOD,13.345849000000001,55.45830000000001,12.791171,5062,418
SPRING,2012,FEB,NO HOLIDAY,FRI,WORKING DAY,MISTY,11.1525,73.75,15.916989,3487,419
SPRING,2012,FEB,NO HOLIDAY,SAT,NO WORKING DAY,GOOD,5.669151000000001,39.5833,28.250014,2732,420
SPRING,2012,FEB,NO HOLIDAY,SUN,NO WORKING DAY,GOOD,5.120849,41,13.750342999999999,3389,421
SPRING,2012,FEB,NO HOLIDAY,MON,WORKING DAY,GOOD,9.233349,49.0833,17.958211000000002,4322,422
SPRING,2012,FEB,NO HOLIDAY,TUE,WORKING DAY,GOOD,8.880849000000001,39.5833,12.958939,4363,423
SPRING,2012,FEB,NO HOLIDAY,WED,WORKING DAY,MISTY,8.184356000000001,80.4783,12.000839,1834,424
SPRING,2012,MAR,NO HOLIDAY,THU,WORKING DAY,GOOD,14.834151000000002,61.5417,15.208129,4990,425
SPRING,2012,MAR,NO HOLIDAY,FRI,WORKING DAY,MISTY,8.606651,65.7083,9.708568,3194,426
SPRING,2012,MAR,NO HOLIDAY,SAT,NO WORKING DAY,MISTY,11.465848999999999,62.125,10.792293,4066,427
SPRING,2012,MAR,NO HOLIDAY,SUN,NO WORKING DAY,GOOD,7.314150999999999,40.3333,22.416257,3423,428
SPRING,2012,MAR,NO HOLIDAY,MON,WORKING DAY,GOOD,3.4366509999999995,50.625,15.333486,3333,429
SPRING,2012,MAR,NO HOLIDAY,TUE,WORKING DAY,GOOD,4.1416509999999995,45.6667,13.458625,3956,430
SPRING,2012,MAR,NO HOLIDAY,WED,WORKING DAY,GOOD,10.995849,51.3333,23.167193,4916,431
SPRING,2012,MAR,NO HOLIDAY,THU,WORKING DAY,GOOD,16.792499999999997,56.75,29.584721,5382,432
SPRING,2012,MAR,NO HOLIDAY,FRI,WORKING DAY,MISTY,11.309151,40.708299999999994,27.7916,4569,433
SPRING,2012,MAR,NO HOLIDAY,SAT,NO WORKING DAY,GOOD,5.512499999999999,35.0417,15.125250000000001,4118,434
SPRING,2012,MAR,NO HOLIDAY,SUN,NO WORKING DAY,GOOD,9.001732999999998,47.6957,14.913329000000001,4911,435
SPRING,2012,MAR,NO HOLIDAY,MON,WORKING DAY,GOOD,13.933349,48.9167,13.916771,5298,436
SPRING,2012,MAR,NO HOLIDAY,TUE,WORKING DAY,GOOD,18.554999999999996,61.75000000000001,15.87565,5847,437
SPRING,2012,MAR,NO HOLIDAY,WED,WORKING DAY,GOOD,18.9075,50.708299999999994,7.709154,6312,438
SPRING,2012,MAR,NO HOLIDAY,THU,WORKING DAY,GOOD,18.2025,57.958299999999994,10.042161,6192,439
SPRING,2012,MAR,NO HOLIDAY,FRI,WORKING DAY,MISTY,12.484151,84.20830000000001,7.583864,4378,440
SPRING,2012,MAR,NO HOLIDAY,SAT,NO WORKING DAY,MISTY,16.165849,75.5833,7.417168,7836,441
SPRING,2012,MAR,NO HOLIDAY,SUN,NO WORKING DAY,MISTY,14.2075,81,8.501161,5892,442
SPRING,2012,MAR,NO HOLIDAY,MON,WORKING DAY,GOOD,17.615000000000002,72.875,10.875238999999999,6153,443
SPRING,2012,MAR,NO HOLIDAY,TUE,WORKING DAY,GOOD,18.359151,80.7917,8.125157,6093,444
SUMMER,2012,MAR,NO HOLIDAY,WED,WORKING DAY,MISTY,16.988349,82.125,6.000406099999999,6230,445
SUMMER,2012,MAR,NO HOLIDAY,THU,WORKING DAY,GOOD,18.045848999999997,83.125,7.876654,6871,446
SUMMER,2012,MAR,NO HOLIDAY,FRI,WORKING DAY,MISTY,20.278349,69.41669999999999,7.7921000000000005,8362,447
SUMMER,2012,MAR,NO HOLIDAY,SAT,NO WORKING DAY,MISTY,15.617499999999996,88.5417,12.916461,3372,448
SUMMER,2012,MAR,NO HOLIDAY,SUN,NO WORKING DAY,MISTY,12.5625,88.0833,14.791924999999999,4996,449
SUMMER,2012,MAR,NO HOLIDAY,MON,WORKING DAY,GOOD,12.954151,47.7917,25.917007,5558,450
SUMMER,2012,MAR,NO HOLIDAY,TUE,WORKING DAY,GOOD,7.196650999999999,28.999999999999996,12.541864,5102,451
SUMMER,2012,MAR,NO HOLIDAY,WED,WORKING DAY,GOOD,14.755849000000001,48.125,19.541957,5698,452
SUMMER,2012,MAR,NO HOLIDAY,THU,WORKING DAY,GOOD,15.225849,43.9167,21.41655,6133,453
SUMMER,2012,MAR,NO HOLIDAY,FRI,WORKING DAY,MISTY,9.39,58.0833,9.250489,5459,454
SUMMER,2012,MAR,NO HOLIDAY,SAT,NO WORKING DAY,MISTY,11.935849000000001,73.83330000000001,16.791338999999997,6235,455
SUMMER,2012,APR,NO HOLIDAY,SUN,NO WORKING DAY,MISTY,12.014151000000002,67.625,11.541889,6041,456
SUMMER,2012,APR,NO HOLIDAY,MON,WORKING DAY,GOOD,12.393911,50.4348,20.913313,5936,457
SUMMER,2012,APR,NO HOLIDAY,TUE,WORKING DAY,GOOD,13.933349,39.6667,6.708911,6772,458
SUMMER,2012,APR,NO HOLIDAY,WED,WORKING DAY,GOOD,17.458349000000002,46.958299999999994,12.125325,6436,459
SUMMER,2012,APR,NO HOLIDAY,THU,WORKING DAY,GOOD,12.445,37.416700000000006,14.708443,6457,460
SUMMER,2012,APR,NO HOLIDAY,FRI,WORKING DAY,GOOD,10.956651,37.7083,20.125996,6460,461
SUMMER,2012,APR,NO HOLIDAY,SAT,NO WORKING DAY,GOOD,12.5625,25.4167,18.416356999999998,6857,462
SUMMER,2012,APR,NO HOLIDAY,SUN,NO WORKING DAY,GOOD,15.5,27.5833,15.583931999999999,5169,463
SUMMER,2012,APR,NO HOLIDAY,MON,WORKING DAY,GOOD,14.990849,31.75,23.999132,5585,464
SUMMER,2012,APR,NO HOLIDAY,TUE,WORKING DAY,GOOD,12.993348999999998,43.5,16.708125000000003,5918,465
SUMMER,2012,APR,NO HOLIDAY,WED,WORKING DAY,GOOD,8.388712000000002,46.9565,19.783358,4862,466
SUMMER,2012,APR,NO HOLIDAY,THU,WORKING DAY,GOOD,10.682500000000001,46.625,19.458743,5409,467
SUMMER,2012,APR,NO HOLIDAY,FRI,WORKING DAY,GOOD,12.7975,40.8333,10.416557,6398,468
SUMMER,2012,APR,NO HOLIDAY,SAT,NO WORKING DAY,GOOD,15.265,50.29169999999999,12.791439,7460,469
SUMMER,2012,APR,NO HOLIDAY,SUN,NO WORKING DAY,GOOD,20.513348999999998,50.79169999999999,15.083643,7132,470
SUMMER,2012,APR,HOLIDAY,MON,NO WORKING DAY,GOOD,23.215849,56.166700000000006,19.083543,6370,471
SUMMER,2012,APR,NO HOLIDAY,TUE,WORKING DAY,GOOD,20.591651,39.0417,18.333143,6691,472
SUMMER,2012,APR,NO HOLIDAY,WED,WORKING DAY,MISTY,13.776651000000001,56.9167,11.250104,4367,473
SUMMER,2012,APR,NO HOLIDAY,THU,WORKING DAY,GOOD,15.421651,61.25000000000001,4.417256399999999,6565,474
SUMMER,2012,APR,NO HOLIDAY,FRI,WORKING DAY,GOOD,16.753349,69.4583,10.041357,7290,475
SUMMER,2012,APR,NO HOLIDAY,SAT,NO WORKING DAY,GOOD,18.79,68.2917,19.000328999999997,6624,476
SUMMER,2012,APR,NO HOLIDAY,SUN,NO WORKING DAY,RAIN/SNOW/STORM,10.643349,83.54169999999999,23.084582,1027,477
SUMMER,2012,APR,NO HOLIDAY,MON,WORKING DAY,MISTY,7.1183489999999985,76.66669999999999,20.334232,3214,478
SUMMER,2012,APR,NO HOLIDAY,TUE,WORKING DAY,GOOD,11.426651,45.4167,16.708661,5633,479
SUMMER,2012,APR,NO HOLIDAY,WED,WORKING DAY,GOOD,14.403348999999999,42.7917,7.959064,6196,480
SUMMER,2012,APR,NO HOLIDAY,THU,WORKING DAY,MISTY,15.421651,75.66669999999999,11.833875,5026,481
SUMMER,2012,APR,NO HOLIDAY,FRI,WORKING DAY,GOOD,13.502500000000001,40.0833,23.291411,6233,482
SUMMER,2012,APR,NO HOLIDAY,SAT,NO WORKING DAY,MISTY,9.703349,48.9583,8.708325,4220,483
SUMMER,2012,APR,NO HOLIDAY,SUN,NO WORKING DAY,GOOD,13.541650999999998,58.7083,7.8328359999999995,6304,484
SUMMER,2012,APR,NO HOLIDAY,MON,WORKING DAY,MISTY,13.815849,56.99999999999999,11.499746,5572,485
SUMMER,2012,MAY,NO HOLIDAY,TUE,WORKING DAY,MISTY,20.826651000000002,65.95830000000001,10.458432,5740,486
SUMMER,2012,MAY,NO HOLIDAY,WED,WORKING DAY,GOOD,18.515849,79.7083,9.249885999999998,6169,487
SUMMER,2012,MAY,NO HOLIDAY,THU,WORKING DAY,MISTY,18.320000000000004,76.83330000000001,8.957632,6421,488
SUMMER,2012,MAY,NO HOLIDAY,FRI,WORKING DAY,GOOD,21.492499999999996,73.54169999999999,10.916846,6296,489
SUMMER,2012,MAY,NO HOLIDAY,SAT,NO WORKING DAY,MISTY,21.218349,75.66669999999999,10.250464,6883,490
SUMMER,2012,MAY,NO HOLIDAY,SUN,NO WORKING DAY,MISTY,18.4375,74,10.041893,6359,491
SUMMER,2012,MAY,NO HOLIDAY,MON,WORKING DAY,MISTY,17.2625,66.41669999999999,15.458307000000001,6273,492
SUMMER,2012,MAY,NO HOLIDAY,TUE,WORKING DAY,MISTY,19.338349,68.58330000000001,19.833942999999998,5728,493
SUMMER,2012,MAY,NO HOLIDAY,WED,WORKING DAY,MISTY,19.025,74.4167,14.499604,4717,494
SUMMER,2012,MAY,NO HOLIDAY,THU,WORKING DAY,GOOD,15.774151,55.2083,21.042220999999998,6572,495
SUMMER,2012,MAY,NO HOLIDAY,FRI,WORKING DAY,GOOD,17.066650999999997,36.0417,15.874779,7030,496
SUMMER,2012,MAY,NO HOLIDAY,SAT,NO WORKING DAY,GOOD,18.515849,48.0417,8.249911,7429,497
SUMMER,2012,MAY,NO HOLIDAY,SUN,NO WORKING DAY,GOOD,20.7875,57.62500000000001,15.082839,6118,498
SUMMER,2012,MAY,NO HOLIDAY,MON,WORKING DAY,MISTY,18.946651,78.95830000000001,14.250364,2843,499
SUMMER,2012,MAY,NO HOLIDAY,TUE,WORKING DAY,MISTY,20.748348999999997,79.45830000000001,9.875264,5115,500
SUMMER,2012,MAY,NO HOLIDAY,WED,WORKING DAY,GOOD,21.923348999999998,69.7917,8.208304,7424,501
SUMMER,2012,MAY,NO HOLIDAY,THU,WORKING DAY,GOOD,19.886651,52,15.374825000000001,7384,502
SUMMER,2012,MAY,NO HOLIDAY,FRI,WORKING DAY,GOOD,18.515849,52.33330000000001,9.166739,7639,503
SUMMER,2012,MAY,NO HOLIDAY,SAT,NO WORKING DAY,GOOD,20.2,45.625,5.626325,8294,504
SUMMER,2012,MAY,NO HOLIDAY,SUN,NO WORKING DAY,GOOD,21.179150999999997,53.041700000000006,17.042589,7129,505
SUMMER,2012,MAY,NO HOLIDAY,MON,WORKING DAY,MISTY,20.121651,81.125,15.624668,4359,506
SUMMER,2012,MAY,NO HOLIDAY,TUE,WORKING DAY,MISTY,20.905,76.5833,7.917189,6073,507
SUMMER,2012,MAY,NO HOLIDAY,WED,WORKING DAY,MISTY,21.218349,77.45830000000001,6.834,5260,508
SUMMER,2012,MAY,NO HOLIDAY,THU,WORKING DAY,GOOD,22.785,71.6667,11.584031999999999,6770,509
SUMMER,2012,MAY,NO HOLIDAY,FRI,WORKING DAY,GOOD,23.96,74.70830000000001,9.41685,6734,510
SUMMER,2012,MAY,NO HOLIDAY,SAT,NO WORKING DAY,GOOD,24.5475,73.25,13.332464,6536,511
SUMMER,2012,MAY,NO HOLIDAY,SUN,NO WORKING DAY,GOOD,24.43,69.7083,14.416457,6591,512
SUMMER,2012,MAY,HOLIDAY,MON,NO WORKING DAY,GOOD,25.487500000000004,67.625,13.166907,6043,513
SUMMER,2012,MAY,NO HOLIDAY,TUE,WORKING DAY,GOOD,25.957500000000003,68.45830000000001,19.7918,5743,514
SUMMER,2012,MAY,NO HOLIDAY,WED,WORKING DAY,MISTY,22.863349,67,9.000043,6855,515
SUMMER,2012,MAY,NO HOLIDAY,THU,WORKING DAY,GOOD,23.96,49.2917,13.083693,7338,516
SUMMER,2012,JUN,NO HOLIDAY,FRI,WORKING DAY,MISTY,22.745849000000003,75.5417,15.916720999999999,4127,517
SUMMER,2012,JUN,NO HOLIDAY,SAT,NO WORKING DAY,GOOD,19.416650999999998,54.9167,12.499654,8120,518
SUMMER,2012,JUN,NO HOLIDAY,SUN,NO WORKING DAY,GOOD,20.317500000000003,49.3333,12.333829,7641,519
SUMMER,2012,JUN,NO HOLIDAY,MON,WORKING DAY,GOOD,20.082500000000003,48.7083,19.083811,6998,520
SUMMER,2012,JUN,NO HOLIDAY,TUE,WORKING DAY,MISTY,17.419151,61.3333,14.041525,7001,521
SUMMER,2012,JUN,NO HOLIDAY,WED,WORKING DAY,GOOD,18.045848999999997,61.12499999999999,5.167375,7055,522
SUMMER,2012,JUN,NO HOLIDAY,THU,WORKING DAY,GOOD,20.317500000000003,56.7083,10.542449999999999,7494,523
SUMMER,2012,JUN,NO HOLIDAY,FRI,WORKING DAY,GOOD,22.510849000000004,46.791700000000006,11.750661000000001,7736,524
SUMMER,2012,JUN,NO HOLIDAY,SAT,NO WORKING DAY,GOOD,25.409151,43.7083,9.667229,7498,525
SUMMER,2012,JUN,NO HOLIDAY,SUN,NO WORKING DAY,GOOD,26.153349,53.833299999999994,8.959307,6598,526
SUMMER,2012,JUN,NO HOLIDAY,MON,WORKING DAY,MISTY,25.879151,58.791700000000006,13.916771,6664,527
SUMMER,2012,JUN,NO HOLIDAY,TUE,WORKING DAY,MISTY,22.706651,83.3333,14.374581999999998,4972,528
SUMMER,2012,JUN,NO HOLIDAY,WED,WORKING DAY,GOOD,22.824151,58.2083,22.999693,7421,529
SUMMER,2012,JUN,NO HOLIDAY,THU,WORKING DAY,GOOD,22.471651,56.958299999999994,17.000111,7363,530
SUMMER,2012,JUN,NO HOLIDAY,FRI,WORKING DAY,GOOD,22.040849,58.958299999999994,11.833339,7665,531
SUMMER,2012,JUN,NO HOLIDAY,SAT,NO WORKING DAY,GOOD,21.688349,50.416700000000006,11.166689,7702,532
SUMMER,2012,JUN,NO HOLIDAY,SUN,NO WORKING DAY,GOOD,19.8475,59.875,9.708568,6978,533
SUMMER,2012,JUN,NO HOLIDAY,MON,WORKING DAY,MISTY,18.711651,77.79169999999999,11.707982000000001,5099,534
SUMMER,2012,JUN,NO HOLIDAY,TUE,WORKING DAY,GOOD,24.351650999999997,69,9.917139,6825,535
SUMMER,2012,JUN,NO HOLIDAY,WED,WORKING DAY,GOOD,28.777499999999996,59.2083,7.625404,6211,536
FALL,2012,JUN,NO HOLIDAY,THU,WORKING DAY,GOOD,29.874150999999998,56.7917,7.958729,5905,537
FALL,2012,JUN,NO HOLIDAY,FRI,WORKING DAY,GOOD,28.542499999999997,57.375,12.250414000000001,5823,538
FALL,2012,JUN,NO HOLIDAY,SAT,NO WORKING DAY,GOOD,26.388348999999998,53.4583,12.041307,7458,539
FALL,2012,JUN,NO HOLIDAY,SUN,NO WORKING DAY,GOOD,26.936650999999998,47.9167,9.750174999999999,6891,540
FALL,2012,JUN,NO HOLIDAY,MON,WORKING DAY,GOOD,25.644151,50.416700000000006,20.125661,6779,541
FALL,2012,JUN,NO HOLIDAY,TUE,WORKING DAY,GOOD,21.649151,37.3333,23.292014000000002,7442,542
FALL,2012,JUN,NO HOLIDAY,WED,WORKING DAY,GOOD,24.7825,36,18.208925,7335,543
FALL,2012,JUN,NO HOLIDAY,THU,WORKING DAY,GOOD,27.210849000000003,42.25,11.50055,6879,544
FALL,2012,JUN,NO HOLIDAY,FRI,WORKING DAY,GOOD,31.205849,48.875,11.082939000000001,5463,545
FALL,2012,JUN,NO HOLIDAY,SAT,NO WORKING DAY,GOOD,27.955,60.12499999999999,10.791756999999999,5687,546
FALL,2012,JUL,NO HOLIDAY,SUN,NO WORKING DAY,GOOD,30.344151000000004,51.87500000000001,11.291443000000001,5531,547
FALL,2012,JUL,NO HOLIDAY,MON,WORKING DAY,GOOD,28.738349,44.7083,13.082889,6227,548
FALL,2012,JUL,NO HOLIDAY,TUE,WORKING DAY,GOOD,28.699151,49.2083,8.457878999999998,6660,549
FALL,2012,JUL,HOLIDAY,WED,NO WORKING DAY,GOOD,29.090849,53.87499999999999,9.041649999999999,7403,550
FALL,2012,JUL,NO HOLIDAY,THU,WORKING DAY,GOOD,30.8925,45.7917,12.999943,6241,551
FALL,2012,JUL,NO HOLIDAY,FRI,WORKING DAY,GOOD,30.931651000000002,45.0833,9.791514,6207,552
FALL,2012,JUL,NO HOLIDAY,SAT,NO WORKING DAY,GOOD,32.498349,49.2083,10.958118,4840,553
FALL,2012,JUL,NO HOLIDAY,SUN,NO WORKING DAY,GOOD,30.6575,57.375,8.417143,4672,554
FALL,2012,JUL,NO HOLIDAY,MON,WORKING DAY,MISTY,25.409151,68.3333,12.125325,6569,555
FALL,2012,JUL,NO HOLIDAY,TUE,WORKING DAY,MISTY,25.879151,66.75,10.166379000000001,6290,556
FALL,2012,JUL,NO HOLIDAY,WED,WORKING DAY,GOOD,25.683349,63.3333,10.166111,7264,557
FALL,2012,JUL,NO HOLIDAY,THU,WORKING DAY,GOOD,25.644151,52.9583,9.833924999999999,7446,558
FALL,2012,JUL,NO HOLIDAY,FRI,WORKING DAY,MISTY,26.388348999999998,48.5833,5.41695,7499,559
FALL,2012,JUL,NO HOLIDAY,SAT,NO WORKING DAY,MISTY,25.056651000000002,69.91669999999999,9.626493,6969,560
FALL,2012,JUL,NO HOLIDAY,SUN,NO WORKING DAY,GOOD,27.054150999999997,71.7917,11.166689,6031,561
FALL,2012,JUL,NO HOLIDAY,MON,WORKING DAY,GOOD,27.876651000000003,64.5,11.000529,6830,562
FALL,2012,JUL,NO HOLIDAY,TUE,WORKING DAY,GOOD,30.461650999999996,50.583299999999994,7.666743,6786,563
FALL,2012,JUL,NO HOLIDAY,WED,WORKING DAY,GOOD,29.286651,57.7083,9.208614,5713,564
FALL,2012,JUL,NO HOLIDAY,THU,WORKING DAY,GOOD,28.189999999999998,60.0417,11.083743,6591,565
FALL,2012,JUL,NO HOLIDAY,FRI,WORKING DAY,MISTY,23.294151,84.4167,14.000789000000001,5870,566
FALL,2012,JUL,NO HOLIDAY,SAT,NO WORKING DAY,RAIN/SNOW/STORM,20.004150999999997,86.5417,14.2911,4459,567
FALL,2012,JUL,NO HOLIDAY,SUN,NO WORKING DAY,MISTY,23.3725,76.25,6.2926936,7410,568
FALL,2012,JUL,NO HOLIDAY,MON,WORKING DAY,GOOD,26.858348999999997,69.41669999999999,9.291761,6966,569
FALL,2012,JUL,NO HOLIDAY,TUE,WORKING DAY,GOOD,27.289150999999997,65.5,14.167418,7592,570
FALL,2012,JUL,NO HOLIDAY,WED,WORKING DAY,GOOD,26.035849,45,11.0416,8173,571
FALL,2012,JUL,NO HOLIDAY,THU,WORKING DAY,GOOD,28.503349,59.66669999999999,19.082470999999998,6861,572
FALL,2012,JUL,NO HOLIDAY,FRI,WORKING DAY,GOOD,28.738349,59.458299999999994,10.250464,6904,573
FALL,2012,JUL,NO HOLIDAY,SAT,NO WORKING DAY,GOOD,27.524150999999996,61.3333,10.542449999999999,6685,574
FALL,2012,JUL,NO HOLIDAY,SUN,NO WORKING DAY,GOOD,25.918349,62.375,11.416532,6597,575
FALL,2012,JUL,NO HOLIDAY,MON,WORKING DAY,GOOD,26.349151,66.875,10.292339,7105,576
FALL,2012,JUL,NO HOLIDAY,TUE,WORKING DAY,GOOD,25.526651,70.41669999999999,11.083475,7216,577
FALL,2012,AUG,NO HOLIDAY,WED,WORKING DAY,GOOD,25.722500000000004,67.75,9.458993,7580,578
FALL,2012,AUG,NO HOLIDAY,THU,WORKING DAY,GOOD,27.3675,65.95830000000001,8.666718,7261,579
FALL,2012,AUG,NO HOLIDAY,FRI,WORKING DAY,MISTY,27.994151000000002,64.25,14.458064,7175,580
FALL,2012,AUG,NO HOLIDAY,SAT,NO WORKING DAY,GOOD,29.286651,61.3333,17.249686,6824,581
FALL,2012,AUG,NO HOLIDAY,SUN,NO WORKING DAY,GOOD,28.150849,65.25,19.458206999999998,5464,582
FALL,2012,AUG,NO HOLIDAY,MON,WORKING DAY,MISTY,27.3675,65.4167,8.666718,7013,583
FALL,2012,AUG,NO HOLIDAY,TUE,WORKING DAY,MISTY,26.584151,70.375,7.8328359999999995,7273,584
FALL,2012,AUG,NO HOLIDAY,WED,WORKING DAY,MISTY,27.25,67.29169999999999,7.4169,7534,585
FALL,2012,AUG,NO HOLIDAY,THU,WORKING DAY,GOOD,27.524150999999996,62.0417,10.458699999999999,7286,586
FALL,2012,AUG,NO HOLIDAY,FRI,WORKING DAY,MISTY,25.644151,71.58330000000001,16.000471,5786,587
FALL,2012,AUG,NO HOLIDAY,SAT,NO WORKING DAY,MISTY,24.5475,73.2917,13.834093,6299,588
FALL,2012,AUG,NO HOLIDAY,SUN,NO WORKING DAY,GOOD,24.939151000000003,53.041700000000006,8.208304,6544,589
FALL,2012,AUG,NO HOLIDAY,MON,WORKING DAY,GOOD,25.879151,54.541700000000006,9.126204,6883,590
FALL,2012,AUG,NO HOLIDAY,TUE,WORKING DAY,GOOD,26.153349,68.6667,11.333586,6784,591
FALL,2012,AUG,NO HOLIDAY,WED,WORKING DAY,GOOD,25.213349,61.9583,11.374657000000001,7347,592
FALL,2012,AUG,NO HOLIDAY,THU,WORKING DAY,GOOD,25.800849,51.916700000000006,9.500332,7605,593
FALL,2012,AUG,NO HOLIDAY,FRI,WORKING DAY,GOOD,25.996651,57.0833,15.500718000000001,7148,594
FALL,2012,AUG,NO HOLIDAY,SAT,NO WORKING DAY,GOOD,23.881650999999998,60.3333,11.917089,7865,595
FALL,2012,AUG,NO HOLIDAY,SUN,NO WORKING DAY,MISTY,21.884151,71.1667,5.79215,4549,596
FALL,2012,AUG,NO HOLIDAY,MON,WORKING DAY,MISTY,21.884151,73.4167,8.708593,6530,597
FALL,2012,AUG,NO HOLIDAY,TUE,WORKING DAY,GOOD,22.510849000000004,67.375,4.8756436,7006,598
FALL,2012,AUG,NO HOLIDAY,WED,WORKING DAY,GOOD,23.3725,67.7083,4.708981100000001,7375,599
FALL,2012,AUG,NO HOLIDAY,THU,WORKING DAY,GOOD,24.704151000000003,63.5833,5.6679186,7765,600
FALL,2012,AUG,NO HOLIDAY,FRI,WORKING DAY,MISTY,25.0175,61.5,4.8337686,7582,601
FALL,2012,AUG,NO HOLIDAY,SAT,NO WORKING DAY,MISTY,23.098349,71.2917,16.375336,6053,602
FALL,2012,AUG,NO HOLIDAY,SUN,NO WORKING DAY,MISTY,22.706651,84.5833,15.333486,5255,603
FALL,2012,AUG,NO HOLIDAY,MON,WORKING DAY,GOOD,25.056651000000002,73.04169999999999,8.625110999999999,6917,604
FALL,2012,AUG,NO HOLIDAY,TUE,WORKING DAY,GOOD,26.231651,62,12.791975,7040,605
FALL,2012,AUG,NO HOLIDAY,WED,WORKING DAY,GOOD,24.195,55.2083,7.541653999999999,7697,606
FALL,2012,AUG,NO HOLIDAY,THU,WORKING DAY,GOOD,25.213349,59.0417,5.1668189,7713,607
FALL,2012,AUG,NO HOLIDAY,FRI,WORKING DAY,GOOD,27.915849,58.75,11.291711,7350,608
FALL,2012,SEP,NO HOLIDAY,SAT,NO WORKING DAY,MISTY,27.406651000000004,63.8333,7.5835289999999995,6140,609
FALL,2012,SEP,NO HOLIDAY,SUN,NO WORKING DAY,MISTY,24.743349000000002,81.5,4.2927436,5810,610
FALL,2012,SEP,HOLIDAY,MON,NO WORKING DAY,GOOD,25.252499999999998,79.0833,10.125107,6034,611
FALL,2012,SEP,NO HOLIDAY,TUE,WORKING DAY,GOOD,26.114151,75.5,15.833507000000001,6864,612
FALL,2012,SEP,NO HOLIDAY,WED,WORKING DAY,GOOD,26.623348999999997,74.125,12.583136,7112,613
FALL,2012,SEP,NO HOLIDAY,THU,WORKING DAY,MISTY,24.743349000000002,81.0417,9.542207,6203,614
FALL,2012,SEP,NO HOLIDAY,FRI,WORKING DAY,GOOD,25.056651000000002,73.625,11.500282,7504,615
FALL,2012,SEP,NO HOLIDAY,SAT,NO WORKING DAY,MISTY,22.980849,79.91669999999999,18.833968000000002,5976,616
FALL,2012,SEP,NO HOLIDAY,SUN,NO WORKING DAY,GOOD,20.669999999999998,54.75,15.041232,8227,617
FALL,2012,SEP,NO HOLIDAY,MON,WORKING DAY,GOOD,19.416650999999998,50.375,17.333771000000002,7525,618
FALL,2012,SEP,NO HOLIDAY,TUE,WORKING DAY,GOOD,19.142500000000002,52,6.1676314,7767,619
FALL,2012,SEP,NO HOLIDAY,WED,WORKING DAY,GOOD,20.160849,57.7083,8.833682,7870,620
FALL,2012,SEP,NO HOLIDAY,THU,WORKING DAY,GOOD,20.7875,63.708299999999994,5.5422936,7804,621
FALL,2012,SEP,NO HOLIDAY,FRI,WORKING DAY,GOOD,21.766651000000003,67.25,6.9588209999999995,8009,622
FALL,2012,SEP,NO HOLIDAY,SAT,NO WORKING DAY,GOOD,20.591651,50.1667,16.583907,8714,623
FALL,2012,SEP,NO HOLIDAY,SUN,NO WORKING DAY,GOOD,19.259999999999998,56.99999999999999,6.042281099999999,7333,624
FALL,2012,SEP,NO HOLIDAY,MON,WORKING DAY,MISTY,19.299151000000002,73.4583,10.166713999999999,6869,625
FALL,2012,SEP,NO HOLIDAY,TUE,WORKING DAY,MISTY,21.296651,87.25,23.958329,4073,626
FALL,2012,SEP,NO HOLIDAY,WED,WORKING DAY,GOOD,17.9675,53.6667,14.416725,7591,627
FALL,2012,SEP,NO HOLIDAY,THU,WORKING DAY,GOOD,17.693349,61.8333,7.917189,7720,628
FALL,2012,SEP,NO HOLIDAY,FRI,WORKING DAY,GOOD,20.160849,66.875,10.333343000000001,8167,629
FALL,2012,SEP,NO HOLIDAY,SAT,NO WORKING DAY,GOOD,22.55,64.6667,19.000061,8395,630
WINTER,2012,SEP,NO HOLIDAY,SUN,NO WORKING DAY,GOOD,16.870849000000003,46.7083,14.958286000000001,7907,631
WINTER,2012,SEP,NO HOLIDAY,MON,WORKING DAY,GOOD,16.165849,49.2917,9.541068000000001,7436,632
WINTER,2012,SEP,NO HOLIDAY,TUE,WORKING DAY,GOOD,17.85,56.99999999999999,15.833507000000001,7538,633
WINTER,2012,SEP,NO HOLIDAY,WED,WORKING DAY,GOOD,21.845,63.083299999999994,16.3748,7733,634
WINTER,2012,SEP,NO HOLIDAY,THU,WORKING DAY,MISTY,22.55,69.08330000000001,9.000914,7393,635
WINTER,2012,SEP,NO HOLIDAY,FRI,WORKING DAY,MISTY,21.100849,69,10.999993,7415,636
WINTER,2012,SEP,NO HOLIDAY,SAT,NO WORKING DAY,GOOD,17.4975,54.2917,15.249468,8555,637
WINTER,2012,SEP,NO HOLIDAY,SUN,NO WORKING DAY,GOOD,16.753349,58.3333,9.042186,6889,638
WINTER,2012,OKT,NO HOLIDAY,MON,WORKING DAY,MISTY,16.479150999999998,64.9167,6.0838814,6778,639
WINTER,2012,OKT,NO HOLIDAY,TUE,WORKING DAY,RAIN/SNOW/STORM,19.769151,87.16669999999999,6.9998249999999995,4639,640
WINTER,2012,OKT,NO HOLIDAY,WED,WORKING DAY,MISTY,22.9025,79.375,4.4585686,7572,641
WINTER,2012,OKT,NO HOLIDAY,THU,WORKING DAY,MISTY,22.9025,72.2917,7.875582,7328,642
WINTER,2012,OKT,NO HOLIDAY,FRI,WORKING DAY,GOOD,20.905,62.74999999999999,7.12545,8156,643
WINTER,2012,OKT,NO HOLIDAY,SAT,NO WORKING DAY,GOOD,18.045848999999997,66.41669999999999,17.957675000000002,7965,644
WINTER,2012,OKT,NO HOLIDAY,SUN,NO WORKING DAY,MISTY,11.544151,70.8333,9.457854000000001,3510,645
WINTER,2012,OKT,HOLIDAY,MON,NO WORKING DAY,MISTY,10.016651,70.9583,12.708492999999999,5478,646
WINTER,2012,OKT,NO HOLIDAY,TUE,WORKING DAY,MISTY,12.993348999999998,76.16669999999999,12.7501,6392,647
WINTER,2012,OKT,NO HOLIDAY,WED,WORKING DAY,GOOD,16.165849,63.083299999999994,12.584007,7691,648
WINTER,2012,OKT,NO HOLIDAY,THU,WORKING DAY,GOOD,12.445,46.3333,12.166932000000001,7570,649
WINTER,2012,OKT,NO HOLIDAY,FRI,WORKING DAY,GOOD,12.5625,53.91669999999999,15.751164,7282,650
WINTER,2012,OKT,NO HOLIDAY,SAT,NO WORKING DAY,GOOD,10.486650999999998,49.4583,9.791514,7109,651
WINTER,2012,OKT,NO HOLIDAY,SUN,NO WORKING DAY,GOOD,16.518349,64.0417,18.667004000000002,6639,652
WINTER,2012,OKT,NO HOLIDAY,MON,WORKING DAY,MISTY,18.398349,70.75,19.834478999999998,5875,653
WINTER,2012,OKT,NO HOLIDAY,TUE,WORKING DAY,GOOD,14.011651,55.833299999999994,12.208807,7534,654
WINTER,2012,OKT,NO HOLIDAY,WED,WORKING DAY,GOOD,13.424150999999998,69.2917,6.791857,7461,655
WINTER,2012,OKT,NO HOLIDAY,THU,WORKING DAY,MISTY,16.557499999999997,72.8333,15.874779,7509,656
WINTER,2012,OKT,NO HOLIDAY,FRI,WORKING DAY,MISTY,18.476651,81.5,9.041917999999999,5424,657
WINTER,2012,OKT,NO HOLIDAY,SAT,NO WORKING DAY,GOOD,14.755849000000001,57.2917,7.874979,8090,658
WINTER,2012,OKT,NO HOLIDAY,SUN,NO WORKING DAY,GOOD,13.815849,51,11.125618000000001,6824,659
WINTER,2012,OKT,NO HOLIDAY,MON,WORKING DAY,GOOD,14.912499999999998,56.833299999999994,5.4593811,7058,660
WINTER,2012,OKT,NO HOLIDAY,TUE,WORKING DAY,GOOD,17.575848999999998,64.16669999999999,6.3345686,7466,661
WINTER,2012,OKT,NO HOLIDAY,WED,WORKING DAY,GOOD,19.6125,63.625,4.8762064,7693,662
WINTER,2012,OKT,NO HOLIDAY,THU,WORKING DAY,MISTY,17.85,80.0417,8.333125,7359,663
WINTER,2012,OKT,NO HOLIDAY,FRI,WORKING DAY,MISTY,17.654151,80.7083,8.875289,7444,664
WINTER,2012,OKT,NO HOLIDAY,SAT,NO WORKING DAY,MISTY,16.91,72,15.791364000000002,7852,665
WINTER,2012,OKT,NO HOLIDAY,SUN,NO WORKING DAY,MISTY,14.442499999999999,69.4583,26.666535999999997,4459,666
WINTER,2012,OKT,NO HOLIDAY,MON,WORKING DAY,RAIN/SNOW/STORM,12.68,88,23.9994,22,667
WINTER,2012,OKT,NO HOLIDAY,TUE,WORKING DAY,MISTY,6.954554000000002,82.5455,14.271603,1096,668
WINTER,2012,OKT,NO HOLIDAY,WED,WORKING DAY,MISTY,8.802499999999998,66.6667,11.166689,5566,669
WINTER,2012,NOV,NO HOLIDAY,THU,WORKING DAY,MISTY,9.194151000000002,58.166700000000006,10.542182,5986,670
WINTER,2012,NOV,NO HOLIDAY,FRI,WORKING DAY,GOOD,8.684999999999999,52.208299999999994,17.833725,5847,671
WINTER,2012,NOV,NO HOLIDAY,SAT,NO WORKING DAY,MISTY,8.136651,49.125,18.125443,5138,672
WINTER,2012,NOV,NO HOLIDAY,SUN,NO WORKING DAY,GOOD,7.314150999999999,53.2917,12.000236,5107,673
WINTER,2012,NOV,NO HOLIDAY,MON,WORKING DAY,GOOD,7.000848999999999,49.416700000000006,15.833775000000001,5259,674
WINTER,2012,NOV,NO HOLIDAY,TUE,WORKING DAY,GOOD,5.1991510000000005,56.7083,11.625371,5686,675
WINTER,2012,NOV,NO HOLIDAY,WED,WORKING DAY,MISTY,5.904151000000001,54.75,20.375236,5035,676
WINTER,2012,NOV,NO HOLIDAY,THU,WORKING DAY,GOOD,8.552177999999998,33.3478,23.304945,5315,677
WINTER,2012,NOV,NO HOLIDAY,FRI,WORKING DAY,GOOD,8.998349000000001,54.0833,14.375386,5992,678
WINTER,2012,NOV,NO HOLIDAY,SAT,NO WORKING DAY,GOOD,10.290848999999998,64.5417,3.8756686,6536,679
WINTER,2012,NOV,NO HOLIDAY,SUN,NO WORKING DAY,GOOD,11.779150999999999,65.91669999999999,8.5425,6852,680
WINTER,2012,NOV,HOLIDAY,MON,NO WORKING DAY,GOOD,14.794999999999998,74.16669999999999,11.625639,6269,681
WINTER,2012,NOV,NO HOLIDAY,TUE,WORKING DAY,MISTY,8.136651,66.29169999999999,22.917082,4094,682
WINTER,2012,NOV,NO HOLIDAY,WED,WORKING DAY,GOOD,5.590849,55.2083,13.374875,5495,683
WINTER,2012,NOV,NO HOLIDAY,THU,WORKING DAY,MISTY,7.1183489999999985,62.0417,10.250129000000001,5445,684
WINTER,2012,NOV,NO HOLIDAY,FRI,WORKING DAY,GOOD,8.215,52.4583,11.458675000000001,5698,685
WINTER,2012,NOV,NO HOLIDAY,SAT,NO WORKING DAY,GOOD,7.275,54.541700000000006,12.041843,5629,686
WINTER,2012,NOV,NO HOLIDAY,SUN,NO WORKING DAY,GOOD,8.0975,69.2917,15.250004,4669,687
WINTER,2012,NOV,NO HOLIDAY,MON,WORKING DAY,MISTY,9.899151,62.3333,15.749489,5499,688
WINTER,2012,NOV,NO HOLIDAY,TUE,WORKING DAY,MISTY,9.585849,68.5,5.542575,5634,689
WINTER,2012,NOV,NO HOLIDAY,WED,WORKING DAY,GOOD,8.606651,61.375,6.917482000000001,5146,690
WINTER,2012,NOV,HOLIDAY,THU,NO WORKING DAY,GOOD,7.98,58.0417,3.5423436,2425,691
WINTER,2012,NOV,NO HOLIDAY,FRI,WORKING DAY,GOOD,9.311651000000001,56.875,9.917407,3910,692
WINTER,2012,NOV,NO HOLIDAY,SAT,NO WORKING DAY,GOOD,5.081650999999999,40.4583,25.250357,2277,693
WINTER,2012,NOV,NO HOLIDAY,SUN,NO WORKING DAY,GOOD,3.554150999999999,46.8333,10.083499999999999,2424,694
WINTER,2012,NOV,NO HOLIDAY,MON,WORKING DAY,GOOD,6.726650999999999,53.541700000000006,3.1255499999999996,5087,695
WINTER,2012,NOV,NO HOLIDAY,TUE,WORKING DAY,MISTY,5.708349,78.6667,15.916654,3959,696
WINTER,2012,NOV,NO HOLIDAY,WED,WORKING DAY,GOOD,5.943349000000001,50.625,14.125007,5260,697
WINTER,2012,NOV,NO HOLIDAY,THU,WORKING DAY,GOOD,5.200890000000001,55.565200000000004,7.739974,5323,698
WINTER,2012,NOV,NO HOLIDAY,FRI,WORKING DAY,GOOD,6.021651,64.95830000000001,3.9175436,5668,699
WINTER,2012,DEZ,NO HOLIDAY,SAT,NO WORKING DAY,MISTY,6.021651,80.6667,4.0001814,5191,700
WINTER,2012,DEZ,NO HOLIDAY,SUN,NO WORKING DAY,MISTY,8.3325,82.3333,8.333393000000001,4649,701
WINTER,2012,DEZ,NO HOLIDAY,MON,WORKING DAY,GOOD,13.267500000000002,76.75,5.5422936,6234,702
WINTER,2012,DEZ,NO HOLIDAY,TUE,WORKING DAY,GOOD,14.364151,73.375,11.666643,6606,703
WINTER,2012,DEZ,NO HOLIDAY,WED,WORKING DAY,GOOD,12.601651,48.5,21.709407,5729,704
WINTER,2012,DEZ,NO HOLIDAY,THU,WORKING DAY,GOOD,4.024151,50.875,11.708518,5375,705
WINTER,2012,DEZ,NO HOLIDAY,FRI,WORKING DAY,MISTY,7.0791509999999995,76.4167,8.7502,5008,706
WINTER,2012,DEZ,NO HOLIDAY,SAT,NO WORKING DAY,MISTY,9.938348999999999,91.125,6.792393,5582,707
WINTER,2012,DEZ,NO HOLIDAY,SUN,NO WORKING DAY,MISTY,10.055848999999998,90.5417,10.584325,3228,708
WINTER,2012,DEZ,NO HOLIDAY,MON,WORKING DAY,MISTY,12.484151,92.5,12.750636,5170,709
WINTER,2012,DEZ,NO HOLIDAY,TUE,WORKING DAY,MISTY,8.606651,59.66669999999999,19.834478999999998,5501,710
WINTER,2012,DEZ,NO HOLIDAY,WED,WORKING DAY,MISTY,5.9825,53.833299999999994,10.916779,5319,711
WINTER,2012,DEZ,NO HOLIDAY,THU,WORKING DAY,GOOD,5.904151000000001,48.5833,11.666643,5532,712
WINTER,2012,DEZ,NO HOLIDAY,FRI,WORKING DAY,GOOD,5.2383489999999995,64.29169999999999,8.792343,5611,713
WINTER,2012,DEZ,NO HOLIDAY,SAT,NO WORKING DAY,GOOD,7.235849,65.0417,7.12545,5047,714
WINTER,2012,DEZ,NO HOLIDAY,SUN,NO WORKING DAY,MISTY,9.037499999999998,83.875,6.749714,3786,715
WINTER,2012,DEZ,NO HOLIDAY,MON,WORKING DAY,MISTY,10.486650999999998,90.7083,6.583306100000001,4585,716
WINTER,2012,DEZ,NO HOLIDAY,TUE,WORKING DAY,GOOD,11.309151,66.625,14.834067999999998,5557,717
WINTER,2012,DEZ,NO HOLIDAY,WED,WORKING DAY,GOOD,7.627500000000001,62.5417,12.334164000000001,5267,718
WINTER,2012,DEZ,NO HOLIDAY,THU,WORKING DAY,MISTY,7.510000000000002,66.79169999999999,8.875021,4128,719
SPRING,2012,DEZ,NO HOLIDAY,FRI,WORKING DAY,MISTY,7.353349,55.666700000000006,25.083661000000003,3623,720
SPRING,2012,DEZ,NO HOLIDAY,SAT,NO WORKING DAY,GOOD,4.494150999999999,44.125,27.292182,1749,721
SPRING,2012,DEZ,NO HOLIDAY,SUN,NO WORKING DAY,GOOD,3.554150999999999,51.5417,8.916561,1787,722
SPRING,2012,DEZ,NO HOLIDAY,MON,WORKING DAY,MISTY,2.871288,79.1304,5.1744368000000005,920,723
SPRING,2012,DEZ,HOLIDAY,TUE,NO WORKING DAY,MISTY,5.691288,73.47829999999999,11.304642,1013,724
SPRING,2012,DEZ,NO HOLIDAY,WED,WORKING DAY,RAIN/SNOW/STORM,3.4366509999999995,82.3333,21.208582,441,725
SPRING,2012,DEZ,NO HOLIDAY,THU,WORKING DAY,MISTY,3.945848999999999,65.29169999999999,23.458911,2114,726
SPRING,2012,DEZ,NO HOLIDAY,FRI,WORKING DAY,MISTY,3.9066509999999983,59,10.416557,3095,727
SPRING,2012,DEZ,NO HOLIDAY,SAT,NO WORKING DAY,MISTY,3.9066509999999983,75.29169999999999,8.333661,1341,728
SPRING,2012,DEZ,NO HOLIDAY,SUN,NO WORKING DAY,GOOD,4.024151,48.3333,23.500518,1796,729
SPRING,2012,DEZ,NO HOLIDAY,MON,WORKING DAY,MISTY,2.144150999999999,57.75,10.374682,2729,730
